Direction,Timestamp
-1,0.000000
-1,0.000000
1,0.000063
1,0.000138
1,0.000172
-1,0.023886
-1,0.023886
1,2.452472
1,2.452540
1,2.453193
1,2.453235
1,2.456747
1,2.458020
1,2.459070
-1,2.471932
-1,2.471933
-1,2.471933
-1,2.471933
1,2.476097
-1,2.476427
-1,2.476428
-1,2.488756
-1,2.488757
-1,2.488757
-1,2.488757
-1,2.488757
-1,2.488757
-1,2.488757
-1,2.488758
-1,2.488758
-1,2.488758
-1,2.488758
-1,2.488758
1,2.488978
-1,2.489968
-1,2.489968
-1,2.489969
-1,2.489969
-1,2.489969
-1,2.489969
-1,2.489969
-1,2.489969
-1,2.489970
-1,2.489970
1,2.490120
1,2.490879
-1,2.491440
-1,2.491440
-1,2.491440
-1,2.491440
-1,2.491442
-1,2.491442
-1,2.491442
1,2.491559
-1,2.495266
-1,2.495266
-1,2.495266
-1,2.495267
-1,2.495267
-1,2.495267
-1,2.495267
-1,2.495267
-1,2.495267
-1,2.495267
-1,2.495267
-1,2.495267
-1,2.495268
-1,2.495268
-1,2.495268
-1,2.495268
-1,2.495268
-1,2.495268
1,2.495623
-1,2.496624
-1,2.496624
-1,2.496625
1,2.496676
-1,2.498233
-1,2.498234
1,2.498301
1,2.498560
-1,2.524001
-1,2.524002
-1,2.524002
-1,2.524002
1,2.524094
-1,2.524962
-1,2.524963
-1,2.524963
1,2.525012
-1,2.526576
-1,2.526576
-1,2.526576
1,2.526629
-1,2.528127
-1,2.528127
-1,2.528128
-1,2.528128
1,2.528187
-1,2.530238
-1,2.530239
-1,2.530239
-1,2.530239
1,2.530313
-1,2.532263
-1,2.532264
-1,2.532264
-1,2.532264
1,2.532333
-1,2.534489
-1,2.534490
-1,2.534490
-1,2.534490
1,2.534570
-1,2.535874
-1,2.535875
-1,2.535876
1,2.535976
-1,2.537316
-1,2.537317
-1,2.537317
1,2.537389
-1,2.538347
-1,2.538347
-1,2.538347
1,2.538412
-1,2.539822
-1,2.539822
-1,2.539822
-1,2.539822
-1,2.539823
-1,2.539823
1,2.539880
1,2.539900
1,2.540500
-1,2.543842
-1,2.543842
-1,2.543842
-1,2.543843
-1,2.543843
-1,2.543843
1,2.543935
-1,2.544171
-1,2.544171
1,2.544199
-1,2.554619
-1,2.554620
-1,2.554620
-1,2.554620
1,2.554743
-1,2.556228
-1,2.556229
1,2.556271
-1,2.558803
-1,2.558804
-1,2.558804
-1,2.558804
-1,2.558804
-1,2.558804
1,2.558883
1,2.558907
-1,2.559827
-1,2.559827
-1,2.559827
-1,2.559827
1,2.559885
1,2.559908
-1,2.563988
-1,2.563989
-1,2.563989
-1,2.563989
-1,2.563989
-1,2.563989
-1,2.563990
-1,2.563990
1,2.564106
-1,2.565134
-1,2.565135
-1,2.565135
-1,2.565135
1,2.565190
-1,2.566840
-1,2.566840
-1,2.566841
1,2.566905
-1,2.568539
-1,2.568539
1,2.568605
-1,2.572706
-1,2.572706
-1,2.572707
-1,2.572707
-1,2.572707
-1,2.572707
-1,2.572707
-1,2.572708
1,2.572856
-1,2.576011
-1,2.576011
-1,2.576011
-1,2.576011
-1,2.576012
-1,2.576012
1,2.576105
1,2.577385
1,2.577474
-1,2.587932
-1,2.587932
-1,2.587932
-1,2.587932
-1,2.587933
-1,2.587933
-1,2.587933
1,2.588106
-1,2.589442
-1,2.589442
-1,2.589442
-1,2.589442
1,2.589526
-1,2.595965
-1,2.595966
-1,2.595966
-1,2.595966
-1,2.595966
-1,2.595966
-1,2.595966
-1,2.595967
-1,2.595967
1,2.596088
-1,2.596906
-1,2.596906
-1,2.596906
-1,2.596907
-1,2.596907
1,2.596978
-1,2.599251
-1,2.599252
-1,2.599252
-1,2.599252
1,2.599333
-1,2.606468
-1,2.606469
-1,2.606469
-1,2.606469
-1,2.606469
-1,2.606469
-1,2.606470
-1,2.606470
1,2.606600
-1,2.607247
-1,2.607248
-1,2.607248
-1,2.607248
-1,2.607248
-1,2.607248
-1,2.607248
-1,2.607248
1,2.607347
-1,2.615554
-1,2.615554
-1,2.615554
1,2.615581
1,2.615752
-1,2.618926
-1,2.618927
-1,2.618927
-1,2.618928
-1,2.618928
1,2.619027
-1,2.621151
-1,2.621151
-1,2.621151
-1,2.621151
1,2.621247
-1,2.627653
-1,2.627653
-1,2.627654
-1,2.627654
-1,2.627654
-1,2.627654
-1,2.627654
-1,2.627654
1,2.627776
-1,2.628772
-1,2.628772
-1,2.628772
-1,2.628772
1,2.628832
-1,2.630532
-1,2.630533
-1,2.630533
-1,2.630533
-1,2.630533
-1,2.630533
-1,2.630533
-1,2.630534
-1,2.630534
1,2.630648
-1,2.631863
-1,2.631864
-1,2.631864
-1,2.631864
-1,2.631865
-1,2.631865
-1,2.631865
-1,2.631865
1,2.631961
-1,2.634199
-1,2.634200
-1,2.634200
-1,2.634200
-1,2.634200
1,2.634293
-1,2.635765
-1,2.635766
-1,2.635766
-1,2.635766
1,2.635841
-1,2.636375
-1,2.636375
-1,2.636375
-1,2.636375
-1,2.636375
-1,2.636375
-1,2.636375
-1,2.636376
1,2.636479
-1,2.637826
-1,2.637827
-1,2.637827
-1,2.637827
-1,2.637827
-1,2.637827
-1,2.637827
-1,2.637827
1,2.637970
-1,2.639773
-1,2.639774
-1,2.639774
-1,2.639774
-1,2.639774
1,2.639858
-1,2.640794
-1,2.640794
-1,2.640795
-1,2.640795
-1,2.640795
-1,2.640795
1,2.640887
-1,2.642267
-1,2.642267
-1,2.642267
-1,2.642267
-1,2.642268
-1,2.642268
1,2.642350
-1,2.644123
-1,2.644123
-1,2.644124
-1,2.644124
-1,2.644124
-1,2.644124
-1,2.644124
-1,2.644124
-1,2.644124
1,2.644236
-1,2.646001
-1,2.646002
-1,2.646002
-1,2.646002
-1,2.646002
-1,2.646002
-1,2.646002
-1,2.646003
-1,2.646003
1,2.646109
-1,2.647383
-1,2.647383
-1,2.647383
-1,2.647383
-1,2.647384
-1,2.647384
1,2.647462
1,2.647486
1,2.647621
-1,2.649613
-1,2.649614
-1,2.649614
-1,2.649615
-1,2.649615
-1,2.649616
-1,2.649616
-1,2.649616
-1,2.649616
1,2.649747
-1,2.652403
-1,2.652403
-1,2.652403
-1,2.652403
-1,2.652404
-1,2.652404
-1,2.652404
-1,2.652404
1,2.652538
-1,2.653472
-1,2.653472
-1,2.653472
-1,2.653473
-1,2.653473
-1,2.653473
-1,2.653473
-1,2.653473
1,2.653634
-1,2.654818
-1,2.654818
-1,2.654818
-1,2.654819
-1,2.654819
1,2.654893
-1,2.659466
-1,2.659467
-1,2.659467
-1,2.659467
-1,2.659467
-1,2.659467
-1,2.659468
-1,2.659468
1,2.659612
-1,2.661661
-1,2.661661
-1,2.661661
-1,2.661662
-1,2.661662
-1,2.661662
-1,2.661662
-1,2.661662
1,2.661769
-1,2.662531
-1,2.662531
-1,2.662531
-1,2.662531
-1,2.662532
1,2.662596
-1,2.664119
-1,2.664119
-1,2.664119
-1,2.664119
-1,2.664119
-1,2.664120
-1,2.664120
-1,2.664120
1,2.664224
-1,2.665823
-1,2.665823
-1,2.665823
-1,2.665823
-1,2.665824
-1,2.665824
-1,2.665825
-1,2.665825
1,2.665924
-1,2.668366
-1,2.668367
-1,2.668367
-1,2.668367
-1,2.668367
-1,2.668367
-1,2.668368
-1,2.668368
-1,2.668368
1,2.668499
-1,2.670962
-1,2.670963
-1,2.670963
-1,2.670963
-1,2.670963
-1,2.670963
-1,2.670963
-1,2.670964
-1,2.670964
-1,2.670964
-1,2.670964
1,2.671064
1,2.671203
1,2.671220
1,2.671446
-1,2.671815
-1,2.671816
-1,2.671816
-1,2.671816
-1,2.671816
-1,2.671816
-1,2.671817
-1,2.671817
1,2.671920
-1,2.674552
-1,2.674552
-1,2.674552
-1,2.674552
-1,2.674552
-1,2.674553
-1,2.674554
-1,2.674554
-1,2.674554
-1,2.674554
-1,2.674554
1,2.674733
-1,2.675634
-1,2.675634
-1,2.675634
-1,2.675634
-1,2.675634
-1,2.675635
-1,2.675635
-1,2.675635
-1,2.675635
-1,2.675635
-1,2.675635
1,2.675762
-1,2.677662
-1,2.677662
-1,2.677662
-1,2.677662
-1,2.677663
-1,2.677663
-1,2.677663
-1,2.677663
-1,2.677663
-1,2.677663
-1,2.677664
1,2.677788
-1,2.683552
-1,2.683553
-1,2.683554
-1,2.683554
-1,2.683554
-1,2.683554
-1,2.683554
-1,2.683555
-1,2.683555
-1,2.683555
-1,2.683555
-1,2.683555
-1,2.683556
-1,2.683556
-1,2.683556
-1,2.683556
-1,2.683556
-1,2.683556
-1,2.683556
-1,2.683556
-1,2.683557
-1,2.683557
1,2.684373
-1,2.686364
-1,2.686364
-1,2.686364
-1,2.686364
-1,2.686365
-1,2.686365
-1,2.686366
-1,2.686366
-1,2.686366
-1,2.686366
-1,2.686366
-1,2.686366
-1,2.686367
1,2.686672
-1,2.689420
-1,2.689420
-1,2.689421
-1,2.689421
-1,2.689421
-1,2.689421
-1,2.689421
-1,2.689421
-1,2.689422
-1,2.689422
-1,2.689422
-1,2.689422
-1,2.689422
-1,2.689422
-1,2.689423
-1,2.689423
-1,2.689423
-1,2.689423
-1,2.689423
-1,2.689423
-1,2.689424
1,2.689718
-1,2.693450
-1,2.693450
-1,2.693450
-1,2.693450
-1,2.693451
-1,2.693451
-1,2.693451
-1,2.693451
-1,2.693451
-1,2.693451
-1,2.693452
-1,2.693452
-1,2.693452
-1,2.693452
-1,2.693452
-1,2.693452
-1,2.693453
-1,2.693453
-1,2.693453
-1,2.693453
-1,2.693453
-1,2.693453
-1,2.693454
-1,2.693454
1,2.693732
-1,2.697572
-1,2.697572
-1,2.697573
-1,2.697573
-1,2.697573
-1,2.697573
-1,2.697573
-1,2.697573
-1,2.697574
-1,2.697574
-1,2.697574
-1,2.697574
-1,2.697574
-1,2.697574
-1,2.697575
-1,2.697575
-1,2.697575
-1,2.697575
-1,2.697575
-1,2.697575
-1,2.697576
-1,2.697576
-1,2.697576
-1,2.697576
1,2.697865
-1,2.705532
-1,2.705533
-1,2.705533
-1,2.705533
-1,2.705533
-1,2.705533
-1,2.705534
-1,2.705534
-1,2.705534
-1,2.705534
-1,2.705534
-1,2.705534
-1,2.705534
-1,2.705534
-1,2.705534
-1,2.705535
-1,2.705535
-1,2.705535
-1,2.705535
-1,2.705535
-1,2.705535
-1,2.705536
-1,2.705536
-1,2.705536
1,2.705883
-1,2.717759
-1,2.717760
-1,2.717760
-1,2.717760
-1,2.717760
-1,2.717760
-1,2.717762
-1,2.717762
-1,2.717762
-1,2.717762
-1,2.717762
-1,2.717762
-1,2.717763
-1,2.717763
-1,2.717763
-1,2.717763
-1,2.717763
-1,2.717763
-1,2.717764
-1,2.717764
-1,2.717764
-1,2.717764
-1,2.717764
-1,2.717764
-1,2.717764
-1,2.717764
-1,2.717764
-1,2.717765
-1,2.717765
-1,2.717765
-1,2.717765
-1,2.717765
1,2.718222
-1,2.718356
-1,2.718356
-1,2.718356
-1,2.718357
-1,2.718357
-1,2.718357
-1,2.718357
-1,2.718357
-1,2.718357
-1,2.718358
-1,2.718358
-1,2.718358
-1,2.718358
-1,2.718358
-1,2.718358
-1,2.718359
1,2.718557
-1,2.721679
-1,2.721680
-1,2.721680
-1,2.721680
-1,2.721680
-1,2.721680
-1,2.721681
-1,2.721681
-1,2.721681
-1,2.721681
-1,2.721681
-1,2.721681
1,2.721847
-1,2.721959
-1,2.721959
-1,2.721959
-1,2.721959
-1,2.721959
-1,2.721960
-1,2.721960
-1,2.721960
-1,2.721960
-1,2.721960
-1,2.721960
-1,2.721961
1,2.722142
-1,2.731272
-1,2.731272
-1,2.731273
-1,2.731273
-1,2.731273
-1,2.731273
-1,2.731273
-1,2.731273
-1,2.731274
1,2.731404
-1,2.731470
-1,2.731471
-1,2.731471
-1,2.731472
-1,2.731472
-1,2.731472
-1,2.731472
-1,2.731472
-1,2.731472
-1,2.731472
-1,2.731473
-1,2.731473
-1,2.731473
-1,2.731473
-1,2.731473
1,2.731640
-1,2.735530
-1,2.735530
-1,2.735531
-1,2.735531
-1,2.735531
-1,2.735531
-1,2.735531
-1,2.735531
-1,2.735531
-1,2.735531
-1,2.735531
-1,2.735532
-1,2.735532
-1,2.735532
-1,2.735532
-1,2.735532
-1,2.735532
-1,2.735533
-1,2.735533
-1,2.735533
-1,2.735533
-1,2.735533
-1,2.735533
-1,2.735534
1,2.735821
1,2.737998
-1,2.740524
-1,2.740525
-1,2.740525
-1,2.740525
-1,2.740525
-1,2.740526
-1,2.740526
-1,2.740527
-1,2.740527
-1,2.740527
-1,2.740527
-1,2.740527
-1,2.740527
-1,2.740528
-1,2.740528
-1,2.740528
-1,2.740528
-1,2.740528
-1,2.740529
-1,2.740529
-1,2.740529
-1,2.740529
-1,2.740529
-1,2.740529
-1,2.740529
-1,2.740529
-1,2.740529
1,2.740854
-1,2.743169
-1,2.743170
-1,2.743170
-1,2.743170
-1,2.743170
-1,2.743170
1,2.743255
-1,2.774427
-1,2.774427
-1,2.774427
-1,2.774428
-1,2.774428
-1,2.774428
-1,2.774428
-1,2.774428
-1,2.774428
-1,2.774429
-1,2.774429
-1,2.774429
1,2.774636
1,2.776143
-1,2.776887
-1,2.776887
-1,2.776888
-1,2.776888
-1,2.776888
-1,2.776888
-1,2.776888
-1,2.776888
-1,2.776888
-1,2.776888
-1,2.776889
-1,2.776890
1,2.777093
-1,2.778353
-1,2.778353
-1,2.778353
-1,2.778353
-1,2.778353
-1,2.778354
-1,2.778354
-1,2.778354
-1,2.778354
-1,2.778354
-1,2.778354
-1,2.778355
1,2.778503
-1,2.780595
-1,2.780595
-1,2.780595
-1,2.780595
-1,2.780595
-1,2.780596
-1,2.780596
-1,2.780596
-1,2.780596
1,2.780707
-1,2.782423
-1,2.782423
-1,2.782424
-1,2.782424
-1,2.782424
-1,2.782424
-1,2.782424
-1,2.782424
-1,2.782424
1,2.782528
-1,2.785078
-1,2.785078
-1,2.785079
-1,2.785079
-1,2.785079
-1,2.785079
-1,2.785079
-1,2.785079
-1,2.785080
-1,2.785080
-1,2.785081
-1,2.785081
-1,2.785081
-1,2.785081
-1,2.785081
1,2.785274
-1,2.788205
-1,2.788205
-1,2.788205
-1,2.788205
-1,2.788205
-1,2.788206
-1,2.788206
-1,2.788206
-1,2.788206
-1,2.788206
-1,2.788206
-1,2.788207
-1,2.788207
-1,2.788207
-1,2.788207
-1,2.788207
-1,2.788207
-1,2.788208
1,2.788417
-1,2.789332
-1,2.789332
-1,2.789332
-1,2.789332
-1,2.789332
-1,2.789333
1,2.789411
-1,2.813890
-1,2.865439
-1,2.865439
-1,2.865439
-1,2.865439
-1,2.865439
1,2.865769
1,2.869972
-1,2.986654
-1,2.986654
-1,2.986654
-1,2.986654
-1,2.986654
-1,2.986655
-1,2.986655
-1,2.986655
-1,2.986655
-1,2.986655
-1,2.986655
-1,2.986655
-1,2.986655
-1,2.986655
-1,2.986656
-1,2.986656
-1,2.986656
-1,2.986656
-1,2.986656
-1,2.986656
-1,2.986657
-1,2.986657
-1,2.986657
-1,2.986657
1,2.987003
-1,2.988774
-1,2.988774
-1,2.988775
-1,2.988775
-1,2.988775
-1,2.988775
-1,2.988775
-1,2.988775
-1,2.988776
-1,2.988776
-1,2.988776
-1,2.988776
-1,2.988776
-1,2.988776
-1,2.988777
-1,2.988777
-1,2.988777
-1,2.988777
-1,2.988777
-1,2.988777
-1,2.988778
1,2.989030
-1,2.989742
-1,2.989743
-1,2.989743
-1,2.989743
-1,2.989743
-1,2.989743
-1,2.989743
-1,2.989744
-1,2.989744
-1,2.989744
-1,2.989744
-1,2.989744
1,2.989880
-1,2.991958
-1,2.991958
-1,2.991958
-1,2.991960
-1,2.991960
-1,2.991960
-1,2.991960
-1,2.991961
-1,2.991961
-1,2.991961
-1,2.991961
-1,2.991961
-1,2.991961
-1,2.991961
-1,2.991961
-1,2.991962
-1,2.991962
-1,2.991962
-1,2.991962
-1,2.991962
-1,2.991962
1,2.992229
-1,2.994570
-1,2.994570
-1,2.994570
-1,2.994571
-1,2.994571
-1,2.994571
-1,2.994571
-1,2.994571
-1,2.994571
-1,2.994572
-1,2.994572
-1,2.994572
-1,2.994572
-1,2.994572
-1,2.994572
-1,2.994572
-1,2.994572
-1,2.994572
-1,2.994573
-1,2.994573
-1,2.994573
-1,2.994573
-1,2.994573
-1,2.994573
-1,2.994574
-1,2.994574
-1,2.994574
1,2.994869
-1,2.994971
-1,2.994972
-1,2.994972
-1,2.994972
-1,2.994972
-1,2.994972
1,2.995052
-1,2.996890
-1,2.996890
-1,2.996890
-1,2.996891
-1,2.996891
-1,2.996891
-1,2.996891
-1,2.996891
-1,2.996891
-1,2.996892
-1,2.996892
-1,2.996892
-1,2.996892
-1,2.996892
-1,2.996892
-1,2.996893
-1,2.996893
-1,2.996893
-1,2.996893
-1,2.996893
-1,2.996893
1,2.997140
-1,3.000984
-1,3.000984
-1,3.000984
-1,3.000984
-1,3.000985
-1,3.000985
-1,3.000985
-1,3.000985
-1,3.000985
-1,3.000985
-1,3.000985
-1,3.000985
-1,3.000985
-1,3.000986
-1,3.000986
-1,3.000986
-1,3.000986
-1,3.000986
-1,3.000986
-1,3.000987
-1,3.000987
-1,3.000987
-1,3.000987
-1,3.000987
-1,3.000987
-1,3.000988
-1,3.000988
-1,3.000988
-1,3.000988
-1,3.000988
-1,3.000988
-1,3.000990
1,3.001873
-1,3.002368
-1,3.002369
-1,3.002369
-1,3.002370
-1,3.002370
-1,3.002370
-1,3.002370
-1,3.002370
-1,3.002371
-1,3.002371
1,3.002796
-1,3.002995
-1,3.002995
-1,3.002995
1,3.003138
-1,3.003270
-1,3.003270
-1,3.003271
-1,3.003271
-1,3.003271
-1,3.003271
-1,3.003271
-1,3.003271
-1,3.003272
-1,3.003272
-1,3.003272
-1,3.003272
-1,3.003272
-1,3.003273
-1,3.003273
-1,3.003273
-1,3.003273
-1,3.003273
1,3.003525
-1,3.006370
-1,3.006370
-1,3.006371
-1,3.006371
-1,3.006371
-1,3.006371
-1,3.006371
-1,3.006371
-1,3.006372
-1,3.006372
-1,3.006372
-1,3.006373
-1,3.006373
-1,3.006373
-1,3.006373
-1,3.006374
-1,3.006374
-1,3.006374
-1,3.006374
-1,3.006374
-1,3.006374
1,3.006623
-1,3.006732
-1,3.006732
-1,3.006733
1,3.006789
-1,3.010550
-1,3.010550
-1,3.010551
-1,3.010551
-1,3.010551
-1,3.010551
-1,3.010551
-1,3.010551
-1,3.010551
-1,3.010552
-1,3.010552
-1,3.010552
-1,3.010552
-1,3.010552
-1,3.010552
-1,3.010553
-1,3.010553
-1,3.010553
-1,3.010553
-1,3.010553
-1,3.010553
-1,3.010553
-1,3.010553
-1,3.010553
1,3.010823
-1,3.015097
-1,3.015097
-1,3.015097
-1,3.015097
-1,3.015098
-1,3.015098
-1,3.015098
-1,3.015098
-1,3.015098
-1,3.015098
-1,3.015099
-1,3.015099
-1,3.015099
-1,3.015099
-1,3.015099
-1,3.015099
-1,3.015100
-1,3.015100
-1,3.015100
-1,3.015100
-1,3.015100
-1,3.015100
-1,3.015101
-1,3.015101
1,3.015403
-1,3.025128
-1,3.025128
-1,3.025128
-1,3.025128
-1,3.025129
-1,3.025129
-1,3.025129
-1,3.025129
-1,3.025129
-1,3.025129
-1,3.025130
-1,3.025130
-1,3.025130
-1,3.025130
-1,3.025130
-1,3.025130
-1,3.025131
-1,3.025131
-1,3.025131
-1,3.025131
-1,3.025131
-1,3.025131
-1,3.025132
-1,3.025132
1,3.025447
-1,3.029247
-1,3.029247
-1,3.029247
-1,3.029248
-1,3.029248
-1,3.029248
-1,3.029248
-1,3.029249
-1,3.029249
-1,3.029249
-1,3.029249
-1,3.029249
-1,3.029249
-1,3.029250
-1,3.029250
-1,3.029250
-1,3.029250
-1,3.029250
-1,3.029250
-1,3.029251
-1,3.029251
-1,3.029251
-1,3.029251
-1,3.029251
1,3.029552
-1,3.041896
-1,3.041896
-1,3.041897
-1,3.041897
-1,3.041897
-1,3.041897
-1,3.041897
-1,3.041898
-1,3.041898
-1,3.041898
-1,3.041898
-1,3.041898
-1,3.041898
-1,3.041899
-1,3.041899
-1,3.041899
-1,3.041899
-1,3.041899
-1,3.041899
-1,3.041899
-1,3.041900
-1,3.041900
-1,3.041900
-1,3.041900
-1,3.041900
-1,3.041900
-1,3.041901
-1,3.041901
-1,3.041901
-1,3.041901
-1,3.041901
-1,3.041902
1,3.042310
-1,3.042405
-1,3.042406
-1,3.042406
-1,3.042406
-1,3.042406
-1,3.042406
-1,3.042406
-1,3.042406
-1,3.042407
-1,3.042407
-1,3.042407
-1,3.042407
-1,3.042407
-1,3.042407
-1,3.042407
-1,3.042408
1,3.042578
-1,3.045834
-1,3.045834
-1,3.045834
-1,3.045835
-1,3.045835
-1,3.045835
-1,3.045835
-1,3.045835
-1,3.045835
-1,3.045836
-1,3.045836
-1,3.045836
-1,3.045836
-1,3.045836
-1,3.045837
-1,3.045837
-1,3.045837
-1,3.045837
-1,3.045837
-1,3.045838
-1,3.045838
-1,3.045838
-1,3.045838
-1,3.045838
1,3.046106
-1,3.050463
-1,3.050465
-1,3.050465
-1,3.050465
-1,3.050465
-1,3.050466
-1,3.050467
-1,3.050467
-1,3.050467
-1,3.050467
-1,3.050467
-1,3.050467
-1,3.050468
-1,3.050468
-1,3.050468
-1,3.050469
-1,3.050469
-1,3.050469
-1,3.050469
-1,3.050470
-1,3.050470
-1,3.050470
-1,3.050470
-1,3.050470
1,3.051093
-1,3.058362
-1,3.058362
-1,3.058362
-1,3.058362
-1,3.058362
-1,3.058363
-1,3.058364
-1,3.058364
-1,3.058364
-1,3.058364
-1,3.058364
-1,3.058364
-1,3.058365
-1,3.058365
-1,3.058365
-1,3.058365
-1,3.058365
-1,3.058365
-1,3.058366
-1,3.058366
-1,3.058366
-1,3.058366
-1,3.058366
-1,3.058366
1,3.058694
-1,3.062057
-1,3.062057
-1,3.062057
-1,3.062058
-1,3.062058
-1,3.062058
-1,3.062058
-1,3.062058
-1,3.062058
-1,3.062059
-1,3.062059
-1,3.062059
-1,3.062059
-1,3.062059
-1,3.062059
-1,3.062060
-1,3.062060
-1,3.062060
-1,3.062060
-1,3.062060
-1,3.062060
1,3.062289
-1,3.062345
-1,3.062346
-1,3.062346
1,3.062400
-1,3.066077
-1,3.066077
-1,3.066077
-1,3.066077
-1,3.066077
-1,3.066078
-1,3.066078
-1,3.066078
-1,3.066078
-1,3.066078
-1,3.066078
-1,3.066079
-1,3.066079
-1,3.066079
-1,3.066079
-1,3.066079
-1,3.066079
-1,3.066080
-1,3.066080
-1,3.066080
-1,3.066080
-1,3.066080
-1,3.066080
-1,3.066080
1,3.066369
-1,3.070169
-1,3.070169
-1,3.070170
-1,3.070170
-1,3.070171
-1,3.070171
-1,3.070171
-1,3.070171
-1,3.070171
-1,3.070172
-1,3.070172
-1,3.070172
-1,3.070172
-1,3.070172
-1,3.070173
-1,3.070173
-1,3.070173
-1,3.070173
-1,3.070173
-1,3.070174
-1,3.070174
-1,3.070174
-1,3.070174
-1,3.070174
1,3.070697
-1,3.075303
-1,3.075305
-1,3.075305
-1,3.075305
-1,3.075305
-1,3.075306
-1,3.075306
-1,3.075306
-1,3.075306
-1,3.075306
-1,3.075306
-1,3.075307
-1,3.075307
-1,3.075307
-1,3.075307
-1,3.075307
-1,3.075307
-1,3.075308
-1,3.075308
-1,3.075308
-1,3.075308
-1,3.075308
-1,3.075308
-1,3.075309
1,3.075605
-1,3.079412
-1,3.079412
-1,3.079412
-1,3.079413
-1,3.079413
-1,3.079413
-1,3.079413
-1,3.079413
-1,3.079413
-1,3.079414
-1,3.079414
-1,3.079414
-1,3.079414
-1,3.079414
-1,3.079414
-1,3.079415
-1,3.079415
-1,3.079415
-1,3.079415
-1,3.079415
-1,3.079415
-1,3.079415
-1,3.079416
-1,3.079416
1,3.079709
-1,3.092767
-1,3.092767
-1,3.092767
-1,3.092768
-1,3.092768
-1,3.092768
-1,3.092768
-1,3.092768
-1,3.092768
-1,3.092768
-1,3.092768
-1,3.092768
-1,3.092769
-1,3.092769
-1,3.092769
-1,3.092769
-1,3.092769
-1,3.092769
-1,3.092770
-1,3.092770
-1,3.092770
-1,3.092770
-1,3.092770
-1,3.092770
-1,3.092771
-1,3.092771
-1,3.092771
-1,3.092771
-1,3.092771
-1,3.092771
-1,3.092773
-1,3.092773
1,3.093202
-1,3.093344
-1,3.093344
-1,3.093345
-1,3.093345
-1,3.093345
-1,3.093345
-1,3.093345
-1,3.093345
-1,3.093346
-1,3.093346
-1,3.093346
-1,3.093346
-1,3.093346
-1,3.093346
-1,3.093347
-1,3.093347
1,3.093519
-1,3.096410
-1,3.096410
-1,3.096410
-1,3.096410
-1,3.096411
-1,3.096411
-1,3.096411
-1,3.096411
-1,3.096411
-1,3.096411
-1,3.096412
-1,3.096412
1,3.096551
-1,3.096606
-1,3.096606
-1,3.096606
-1,3.096606
-1,3.096607
-1,3.096607
-1,3.096607
-1,3.096607
-1,3.096607
-1,3.096607
-1,3.096608
-1,3.096608
1,3.096743
-1,3.100918
-1,3.100919
-1,3.100919
-1,3.100919
-1,3.100919
-1,3.100920
-1,3.100920
-1,3.100920
-1,3.100920
-1,3.100920
-1,3.100920
-1,3.100921
-1,3.100921
-1,3.100921
-1,3.100921
-1,3.100921
-1,3.100921
-1,3.100921
-1,3.100922
-1,3.100922
-1,3.100922
-1,3.100922
-1,3.100922
-1,3.100922
1,3.101382
-1,3.101622
-1,3.101622
-1,3.101623
1,3.101684
-1,3.105159
-1,3.105160
-1,3.105160
-1,3.105160
-1,3.105160
-1,3.105161
-1,3.105161
-1,3.105161
-1,3.105161
-1,3.105161
-1,3.105161
-1,3.105162
-1,3.105162
-1,3.105162
-1,3.105162
-1,3.105162
-1,3.105162
-1,3.105162
-1,3.105163
-1,3.105163
-1,3.105163
-1,3.105163
-1,3.105163
-1,3.105163
1,3.105484
1,3.105513
-1,3.113737
-1,3.113737
-1,3.113738
-1,3.113738
-1,3.113738
-1,3.113739
-1,3.113739
-1,3.113740
-1,3.113740
-1,3.113740
-1,3.113740
-1,3.113740
-1,3.113740
-1,3.113741
-1,3.113741
-1,3.113741
-1,3.113741
-1,3.113741
-1,3.113741
-1,3.113741
-1,3.113741
-1,3.113741
-1,3.113742
-1,3.113742
1,3.114101
-1,3.119335
-1,3.119335
-1,3.119336
-1,3.119336
-1,3.119336
-1,3.119336
-1,3.119336
-1,3.119336
-1,3.119336
-1,3.119337
-1,3.119337
-1,3.119337
-1,3.119337
-1,3.119337
-1,3.119337
-1,3.119338
-1,3.119338
-1,3.119338
-1,3.119338
-1,3.119338
-1,3.119338
-1,3.119339
-1,3.119339
-1,3.119339
1,3.119735
-1,3.123206
-1,3.123206
-1,3.123206
-1,3.123206
-1,3.123207
-1,3.123207
-1,3.123207
-1,3.123207
-1,3.123207
-1,3.123207
-1,3.123207
-1,3.123207
-1,3.123207
-1,3.123208
-1,3.123208
-1,3.123208
-1,3.123208
-1,3.123208
-1,3.123208
-1,3.123209
-1,3.123209
-1,3.123209
-1,3.123209
-1,3.123209
1,3.123496
-1,3.128255
-1,3.128256
-1,3.128256
-1,3.128256
-1,3.128256
-1,3.128256
-1,3.128257
-1,3.128257
-1,3.128258
-1,3.128258
-1,3.128258
-1,3.128258
-1,3.128258
-1,3.128258
-1,3.128259
-1,3.128259
-1,3.128259
-1,3.128259
-1,3.128259
-1,3.128259
-1,3.128260
-1,3.128260
-1,3.128260
-1,3.128260
-1,3.128260
-1,3.128260
-1,3.128261
-1,3.128261
-1,3.128261
-1,3.128261
-1,3.128261
-1,3.128261
1,3.128683
-1,3.128844
-1,3.128845
-1,3.128845
-1,3.128845
-1,3.128845
-1,3.128845
-1,3.128845
-1,3.128845
-1,3.128845
-1,3.128846
-1,3.128846
-1,3.128846
-1,3.128846
-1,3.128846
-1,3.128846
-1,3.128847
-1,3.128847
-1,3.128847
-1,3.128847
1,3.129065
-1,3.129132
-1,3.129132
-1,3.129132
-1,3.129132
-1,3.129133
-1,3.129133
-1,3.129133
-1,3.129133
-1,3.129133
1,3.129234
-1,3.132176
-1,3.132177
-1,3.132177
-1,3.132177
-1,3.132177
-1,3.132177
-1,3.132178
-1,3.132178
-1,3.132178
-1,3.132178
-1,3.132178
-1,3.132178
-1,3.132179
-1,3.132179
-1,3.132179
-1,3.132179
-1,3.132179
-1,3.132179
-1,3.132180
-1,3.132180
-1,3.132180
-1,3.132180
-1,3.132180
-1,3.132180
-1,3.132180
-1,3.132180
-1,3.132180
-1,3.132181
-1,3.132181
-1,3.132181
-1,3.132181
-1,3.132182
1,3.132589
-1,3.132696
-1,3.132696
-1,3.132696
-1,3.132696
-1,3.132697
-1,3.132697
-1,3.132697
-1,3.132697
-1,3.132697
-1,3.132697
1,3.132824
-1,3.138521
-1,3.138522
-1,3.138522
-1,3.138522
-1,3.138522
-1,3.138522
-1,3.138522
-1,3.138522
-1,3.138522
-1,3.138522
-1,3.138523
-1,3.138523
-1,3.138523
-1,3.138523
-1,3.138523
-1,3.138523
-1,3.138524
-1,3.138524
-1,3.138524
-1,3.138524
-1,3.138524
-1,3.138524
-1,3.138525
-1,3.138525
-1,3.138525
-1,3.138525
-1,3.138525
-1,3.138525
-1,3.138526
-1,3.138526
-1,3.138526
-1,3.138527
1,3.139051
-1,3.139233
-1,3.139234
-1,3.139234
-1,3.139234
-1,3.139234
-1,3.139235
-1,3.139235
-1,3.139235
-1,3.139235
-1,3.139236
-1,3.139236
-1,3.139236
-1,3.139236
-1,3.139236
-1,3.139236
-1,3.139237
-1,3.139237
-1,3.139237
-1,3.139237
1,3.139539
-1,3.144186
-1,3.144187
-1,3.144187
-1,3.144187
-1,3.144187
-1,3.144187
-1,3.144188
-1,3.144188
-1,3.144188
-1,3.144188
-1,3.144188
-1,3.144188
-1,3.144189
-1,3.144189
-1,3.144189
-1,3.144189
-1,3.144189
-1,3.144189
-1,3.144190
-1,3.144190
-1,3.144190
-1,3.144190
-1,3.144190
-1,3.144190
-1,3.144190
-1,3.144191
-1,3.144191
-1,3.144191
-1,3.144191
-1,3.144191
-1,3.144191
-1,3.144192
1,3.144588
-1,3.144701
-1,3.144702
-1,3.144702
-1,3.144702
-1,3.144702
-1,3.144702
-1,3.144702
-1,3.144703
-1,3.144703
-1,3.144703
-1,3.144703
-1,3.144703
-1,3.144703
-1,3.144703
-1,3.144704
-1,3.144704
-1,3.144704
-1,3.144704
-1,3.144704
1,3.144989
-1,3.155624
-1,3.155625
-1,3.155625
-1,3.155625
-1,3.155625
-1,3.155625
-1,3.155626
-1,3.155626
-1,3.155626
-1,3.155626
-1,3.155626
-1,3.155626
-1,3.155627
-1,3.155627
-1,3.155627
-1,3.155627
-1,3.155627
-1,3.155627
-1,3.155628
-1,3.155628
-1,3.155628
-1,3.155628
-1,3.155628
-1,3.155628
-1,3.155629
-1,3.155629
-1,3.155629
-1,3.155629
-1,3.155629
-1,3.155629
-1,3.155629
-1,3.155630
1,3.156188
-1,3.156331
-1,3.156331
-1,3.156331
-1,3.156332
-1,3.156332
-1,3.156332
-1,3.156332
-1,3.156332
-1,3.156332
-1,3.156333
-1,3.156333
-1,3.156333
-1,3.156333
-1,3.156333
-1,3.156333
-1,3.156333
-1,3.156333
-1,3.156333
-1,3.156334
-1,3.156334
-1,3.156334
-1,3.156334
-1,3.156334
-1,3.156334
-1,3.156335
-1,3.156335
-1,3.156335
-1,3.156335
-1,3.156335
-1,3.156335
-1,3.156336
-1,3.156337
1,3.156686
-1,3.156794
-1,3.156795
-1,3.156795
-1,3.156795
-1,3.156795
-1,3.156795
-1,3.156795
-1,3.156796
-1,3.156796
-1,3.156796
-1,3.156796
-1,3.156796
-1,3.156796
-1,3.156797
-1,3.156797
-1,3.156797
-1,3.156797
-1,3.156797
-1,3.156797
-1,3.156798
-1,3.156798
-1,3.156798
-1,3.156798
-1,3.156798
-1,3.156798
-1,3.156799
-1,3.156799
-1,3.156799
-1,3.156799
-1,3.156799
-1,3.156800
-1,3.156800
1,3.157132
-1,3.157191
-1,3.157191
-1,3.157191
-1,3.157191
-1,3.157192
-1,3.157192
1,3.157255
-1,3.159925
-1,3.159926
-1,3.159926
-1,3.159926
-1,3.159926
-1,3.159927
-1,3.159927
-1,3.159927
-1,3.159927
-1,3.159927
-1,3.159927
-1,3.159928
-1,3.159928
-1,3.159928
-1,3.159928
-1,3.159928
-1,3.159928
-1,3.159929
-1,3.159929
-1,3.159929
-1,3.159929
-1,3.159929
-1,3.159929
-1,3.159929
-1,3.159930
-1,3.159930
-1,3.159930
-1,3.159930
-1,3.159930
-1,3.159930
-1,3.159930
-1,3.159931
1,3.160338
-1,3.160440
-1,3.160440
-1,3.160441
-1,3.160441
-1,3.160441
-1,3.160441
-1,3.160442
-1,3.160442
-1,3.160442
-1,3.160443
-1,3.160444
-1,3.160444
-1,3.160444
-1,3.160444
-1,3.160445
-1,3.160445
-1,3.160445
-1,3.160445
-1,3.160446
1,3.160665
-1,3.163465
-1,3.163465
-1,3.163465
-1,3.163466
-1,3.163466
-1,3.163466
-1,3.163466
-1,3.163466
-1,3.163466
-1,3.163467
-1,3.163467
-1,3.163467
-1,3.163467
-1,3.163467
-1,3.163467
-1,3.163468
-1,3.163468
-1,3.163468
-1,3.163468
-1,3.163468
-1,3.163468
-1,3.163469
-1,3.163469
-1,3.163469
1,3.163777
-1,3.171868
-1,3.171868
-1,3.171868
-1,3.171868
-1,3.171869
-1,3.171869
-1,3.171869
-1,3.171869
-1,3.171869
-1,3.171869
-1,3.171870
-1,3.171871
-1,3.171871
-1,3.171871
-1,3.171871
-1,3.171871
-1,3.171872
-1,3.171872
-1,3.171872
-1,3.171872
-1,3.171872
-1,3.171872
-1,3.171873
-1,3.171873
-1,3.171873
-1,3.171873
-1,3.171873
-1,3.171873
-1,3.171873
-1,3.171873
-1,3.171873
-1,3.171873
1,3.172291
-1,3.172402
-1,3.172402
-1,3.172402
-1,3.172402
-1,3.172402
-1,3.172403
-1,3.172403
-1,3.172403
-1,3.172403
-1,3.172403
-1,3.172403
-1,3.172404
-1,3.172404
-1,3.172404
-1,3.172404
-1,3.172404
-1,3.172404
-1,3.172404
-1,3.172404
1,3.172608
-1,3.177207
-1,3.177207
-1,3.177207
-1,3.177208
-1,3.177208
-1,3.177208
-1,3.177208
-1,3.177208
-1,3.177208
-1,3.177209
-1,3.177209
-1,3.177210
-1,3.177210
-1,3.177210
-1,3.177210
-1,3.177210
-1,3.177210
-1,3.177210
-1,3.177211
-1,3.177211
-1,3.177211
-1,3.177211
-1,3.177211
-1,3.177211
-1,3.177212
-1,3.177212
-1,3.177212
-1,3.177212
-1,3.177212
-1,3.177212
-1,3.177213
-1,3.177213
1,3.177538
-1,3.177626
-1,3.177627
-1,3.177627
-1,3.177627
-1,3.177627
-1,3.177627
-1,3.177628
-1,3.177628
-1,3.177628
-1,3.177628
-1,3.177628
-1,3.177628
-1,3.177629
-1,3.177629
-1,3.177629
-1,3.177629
-1,3.177629
-1,3.177629
-1,3.177630
1,3.177852
-1,3.177901
-1,3.177901
-1,3.177901
-1,3.177901
-1,3.177901
1,3.177959
-1,3.183121
-1,3.183122
-1,3.183122
-1,3.183122
-1,3.183122
-1,3.183123
-1,3.183123
-1,3.183123
-1,3.183123
-1,3.183123
-1,3.183123
-1,3.183124
-1,3.183124
-1,3.183124
-1,3.183124
-1,3.183124
-1,3.183124
-1,3.183124
-1,3.183124
-1,3.183124
-1,3.183125
1,3.183820
-1,3.197481
-1,3.197481
-1,3.197481
-1,3.197481
-1,3.197482
-1,3.197482
-1,3.197482
-1,3.197482
-1,3.197482
-1,3.197482
-1,3.197483
-1,3.197483
-1,3.197483
-1,3.197483
-1,3.197483
-1,3.197483
-1,3.197484
-1,3.197484
-1,3.197484
-1,3.197484
-1,3.197484
-1,3.197484
-1,3.197485
-1,3.197485
-1,3.197486
-1,3.197486
-1,3.197486
-1,3.197486
-1,3.197486
-1,3.197486
-1,3.197486
-1,3.197486
1,3.197889
-1,3.197991
-1,3.197991
-1,3.197991
-1,3.197991
-1,3.197991
-1,3.197991
1,3.198082
-1,3.198118
-1,3.198118
-1,3.198118
-1,3.198119
1,3.198178
-1,3.202789
-1,3.202789
-1,3.202789
-1,3.202789
-1,3.202789
-1,3.202790
-1,3.202790
-1,3.202790
-1,3.202790
-1,3.202790
-1,3.202790
-1,3.202791
-1,3.202791
-1,3.202791
-1,3.202791
-1,3.202791
-1,3.202791
-1,3.202791
-1,3.202791
-1,3.202791
-1,3.202792
-1,3.202792
-1,3.202792
-1,3.202792
-1,3.202792
-1,3.202792
-1,3.202793
-1,3.202793
-1,3.202793
-1,3.202793
-1,3.202793
-1,3.202794
1,3.203374
-1,3.203585
-1,3.203585
-1,3.203586
-1,3.203586
-1,3.203586
-1,3.203586
-1,3.203586
-1,3.203586
-1,3.203587
-1,3.203587
-1,3.203587
-1,3.203587
-1,3.203587
-1,3.203587
-1,3.203588
-1,3.203588
-1,3.203588
-1,3.203588
-1,3.203588
1,3.203870
-1,3.207788
-1,3.207790
-1,3.207790
-1,3.207790
-1,3.207791
-1,3.207791
-1,3.207791
-1,3.207791
-1,3.207791
-1,3.207792
-1,3.207792
-1,3.207795
-1,3.207795
-1,3.207795
-1,3.207795
-1,3.207796
-1,3.207796
-1,3.207796
-1,3.207796
-1,3.207796
-1,3.207796
-1,3.207797
-1,3.207797
-1,3.207797
-1,3.207797
-1,3.207797
-1,3.207797
-1,3.207798
-1,3.207798
-1,3.207798
-1,3.207798
-1,3.207798
1,3.208140
-1,3.208229
-1,3.208229
-1,3.208229
-1,3.208229
-1,3.208229
-1,3.208230
-1,3.208230
-1,3.208230
-1,3.208230
-1,3.208230
-1,3.208230
-1,3.208230
-1,3.208231
-1,3.208231
-1,3.208231
-1,3.208231
-1,3.208231
-1,3.208231
-1,3.208231
1,3.208423
-1,3.211565
-1,3.211565
-1,3.211565
-1,3.211566
-1,3.211566
-1,3.211566
-1,3.211566
-1,3.211566
-1,3.211566
-1,3.211566
-1,3.211566
-1,3.211566
-1,3.211567
-1,3.211567
-1,3.211567
-1,3.211567
-1,3.211567
-1,3.211567
-1,3.211568
-1,3.211568
-1,3.211568
-1,3.211568
-1,3.211568
-1,3.211568
-1,3.211568
-1,3.211569
-1,3.211569
-1,3.211569
-1,3.211569
-1,3.211569
-1,3.211569
-1,3.211570
1,3.212013
-1,3.212122
-1,3.212122
-1,3.212122
-1,3.212123
-1,3.212123
-1,3.212123
-1,3.212123
-1,3.212123
1,3.212276
-1,3.307112
-1,3.307112
-1,3.307112
-1,3.307112
-1,3.307112
-1,3.307112
1,3.307213
1,3.307696
-1,3.504742
-1,3.685140
1,3.685198
1,4.843438
-1,4.861946
-1,4.883577
-1,4.883578
-1,4.883578
1,4.883674
1,4.883877
-1,4.942837
1,4.992687
-1,5.022272
-1,5.027797
-1,5.027797
-1,5.027797
-1,5.027798
-1,5.027798
-1,5.027798
-1,5.027798
-1,5.027798
-1,5.027798
-1,5.027799
-1,5.027799
-1,5.027799
-1,5.027799
-1,5.027799
-1,5.027799
-1,5.027800
-1,5.027800
-1,5.027800
-1,5.027800
-1,5.027800
-1,5.027800
-1,5.027801
-1,5.027801
-1,5.027801
-1,5.027801
-1,5.027801
-1,5.027801
-1,5.027801
-1,5.027801
-1,5.027801
-1,5.027802
-1,5.027803
1,5.028234
-1,5.028365
-1,5.028366
-1,5.028366
-1,5.028366
-1,5.028366
-1,5.028367
1,5.028480
-1,5.031497
-1,5.031498
-1,5.031498
-1,5.031498
-1,5.031498
-1,5.031499
-1,5.031499
-1,5.031499
-1,5.031499
-1,5.031499
-1,5.031499
-1,5.031500
-1,5.031500
-1,5.031500
-1,5.031500
-1,5.031500
-1,5.031500
-1,5.031501
-1,5.031501
-1,5.031501
-1,5.031501
-1,5.031501
-1,5.031501
1,5.031838
-1,5.035698
-1,5.035699
-1,5.035699
-1,5.035699
-1,5.035699
-1,5.035699
-1,5.035699
-1,5.035699
-1,5.035699
-1,5.035700
-1,5.035700
-1,5.035700
-1,5.035700
-1,5.035700
-1,5.035700
-1,5.035701
-1,5.035701
-1,5.035701
-1,5.035701
-1,5.035701
-1,5.035701
-1,5.035702
-1,5.035702
-1,5.035702
-1,5.035702
-1,5.035702
-1,5.035702
-1,5.035703
-1,5.035703
-1,5.035703
-1,5.035703
-1,5.035704
1,5.036238
-1,5.036377
-1,5.036378
-1,5.036378
-1,5.036378
-1,5.036378
-1,5.036378
-1,5.036378
1,5.036490
-1,5.038671
-1,5.038672
-1,5.038672
-1,5.038672
-1,5.038673
-1,5.038673
-1,5.038673
-1,5.038673
-1,5.038673
-1,5.038673
-1,5.038673
-1,5.038674
-1,5.038674
-1,5.038674
-1,5.038674
-1,5.038674
-1,5.038674
-1,5.038675
-1,5.038675
-1,5.038675
-1,5.038675
-1,5.038675
-1,5.038675
-1,5.038675
-1,5.038675
1,5.038951
1,7.119098
1,7.119309
-1,7.137770
-1,7.137771
-1,7.137771
-1,7.161238
-1,7.161238
-1,7.161238
1,7.161266
1,7.161738
-1,7.220878
1,7.555558
-1,7.574045
-1,7.618888
-1,7.618888
-1,7.618888
1,7.618925
1,7.619218
-1,7.638332
1,7.844590
-1,7.863186
-1,7.884029
-1,7.884030
-1,7.884031
1,7.884124
1,7.885253
-1,7.944062
-1,8.553329
1,8.553365
1,8.742301
1,8.742466
-1,8.761686
-1,8.772917
-1,8.777369
-1,8.777369
-1,8.777369
-1,8.777369
-1,8.777370
-1,8.777370
-1,8.777370
-1,8.777370
-1,8.777370
-1,8.777370
-1,8.777371
-1,8.777371
-1,8.777371
-1,8.777371
-1,8.777371
-1,8.777371
-1,8.777372
-1,8.777372
-1,8.777372
-1,8.777372
-1,8.777372
-1,8.777372
-1,8.777372
-1,8.777373
-1,8.777373
-1,8.777373
-1,8.777373
-1,8.777373
-1,8.777374
-1,8.777374
-1,8.777374
-1,8.777375
1,8.777796
-1,8.777876
-1,8.777876
-1,8.777876
-1,8.777876
-1,8.777876
-1,8.777877
1,8.777948
-1,8.779809
-1,8.779810
-1,8.779810
-1,8.779810
-1,8.779810
-1,8.779811
-1,8.779811
-1,8.779811
-1,8.779811
-1,8.779811
-1,8.779811
-1,8.779812
-1,8.779812
-1,8.779812
-1,8.779812
-1,8.779812
-1,8.779812
-1,8.779812
-1,8.779812
-1,8.779812
-1,8.779812
-1,8.779813
-1,8.779813
-1,8.779813
1,8.780075
-1,8.788448
-1,8.788449
-1,8.788449
-1,8.788449
-1,8.788449
-1,8.788449
-1,8.788451
-1,8.788451
-1,8.788451
-1,8.788451
-1,8.788452
-1,8.788452
-1,8.788452
-1,8.788452
-1,8.788452
-1,8.788452
-1,8.788453
-1,8.788453
-1,8.788453
-1,8.788453
-1,8.788453
-1,8.788453
-1,8.788453
-1,8.788453
-1,8.788453
-1,8.788454
-1,8.788454
-1,8.788454
-1,8.788454
-1,8.788454
-1,8.788454
-1,8.788455
1,8.788849
-1,8.788986
-1,8.788986
-1,8.788986
-1,8.788986
-1,8.788986
-1,8.788987
-1,8.788987
-1,8.788987
-1,8.788987
-1,8.788987
-1,8.788987
-1,8.788988
-1,8.788988
-1,8.788988
-1,8.788988
-1,8.788988
-1,8.788988
-1,8.788989
-1,8.788989
-1,8.788989
1,8.789184
-1,8.797258
-1,8.797258
-1,8.797258
-1,8.797258
-1,8.797258
-1,8.797259
-1,8.797259
-1,8.797259
-1,8.797259
-1,8.797259
-1,8.797259
-1,8.797259
-1,8.797259
-1,8.797259
-1,8.797260
-1,8.797260
-1,8.797260
-1,8.797260
-1,8.797260
-1,8.797260
-1,8.797261
-1,8.797261
-1,8.797261
-1,8.797261
-1,8.797261
-1,8.797261
-1,8.797262
-1,8.797262
-1,8.797262
-1,8.797262
-1,8.797262
-1,8.797263
1,8.797617
-1,8.797761
-1,8.797761
-1,8.797761
-1,8.797762
-1,8.797762
-1,8.797762
-1,8.797762
-1,8.797762
-1,8.797762
-1,8.797763
-1,8.797763
-1,8.797763
-1,8.797763
-1,8.797763
-1,8.797763
-1,8.797764
-1,8.797764
-1,8.797764
-1,8.797764
-1,8.797764
-1,8.797764
-1,8.797765
-1,8.797765
-1,8.797765
-1,8.797765
-1,8.797765
-1,8.797765
-1,8.797765
-1,8.797765
-1,8.797765
-1,8.797765
-1,8.797766
1,8.798079
-1,8.798154
-1,8.798154
-1,8.798154
-1,8.798154
-1,8.798154
-1,8.798155
-1,8.798155
-1,8.798155
-1,8.798155
-1,8.798155
-1,8.798155
-1,8.798155
-1,8.798155
-1,8.798155
-1,8.798156
-1,8.798156
-1,8.798156
-1,8.798156
-1,8.798156
-1,8.798156
-1,8.798157
-1,8.798157
-1,8.798157
-1,8.798157
-1,8.798157
-1,8.798157
-1,8.798158
-1,8.798158
-1,8.798158
-1,8.798158
-1,8.798159
-1,8.798159
1,8.798478
-1,8.798573
-1,8.798574
-1,8.798574
-1,8.798574
-1,8.798574
-1,8.798574
-1,8.798574
-1,8.798575
-1,8.798575
-1,8.798575
-1,8.798575
-1,8.798575
-1,8.798575
-1,8.798576
-1,8.798576
-1,8.798576
-1,8.798576
-1,8.798576
-1,8.798576
-1,8.798577
-1,8.798577
-1,8.798577
-1,8.798577
-1,8.798577
-1,8.798577
-1,8.798577
-1,8.798577
-1,8.798577
-1,8.798578
-1,8.798578
-1,8.798579
-1,8.798579
1,8.798970
-1,8.799082
-1,8.799082
-1,8.799082
-1,8.799082
-1,8.799082
-1,8.799082
-1,8.799083
1,8.799172
-1,8.799314
-1,8.799315
-1,8.799315
-1,8.799315
-1,8.799315
-1,8.799316
-1,8.799316
-1,8.799316
-1,8.799316
-1,8.799316
-1,8.799317
-1,8.799317
-1,8.799317
-1,8.799317
-1,8.799317
-1,8.799318
-1,8.799318
-1,8.799318
-1,8.799318
-1,8.799318
-1,8.799318
-1,8.799319
-1,8.799319
-1,8.799319
1,8.800142
-1,8.801787
-1,8.801787
-1,8.801787
-1,8.801788
-1,8.801788
-1,8.801788
-1,8.801790
-1,8.801790
-1,8.801790
-1,8.801790
-1,8.801790
-1,8.801790
-1,8.801791
-1,8.801791
-1,8.801791
-1,8.801791
-1,8.801791
-1,8.801791
-1,8.801792
-1,8.801792
-1,8.801792
-1,8.801792
-1,8.801792
-1,8.801792
1,8.802148
-1,8.805695
-1,8.805696
-1,8.805696
-1,8.805696
-1,8.805696
-1,8.805696
-1,8.805696
-1,8.805697
-1,8.805697
-1,8.805697
-1,8.805697
-1,8.805697
-1,8.805697
-1,8.805698
-1,8.805698
-1,8.805698
-1,8.805698
-1,8.805698
-1,8.805698
-1,8.805699
-1,8.805699
-1,8.805699
-1,8.805699
-1,8.805699
-1,8.805699
-1,8.805700
-1,8.805700
-1,8.805700
-1,8.805700
-1,8.805700
-1,8.805700
-1,8.805701
1,8.806039
-1,8.806117
-1,8.806117
-1,8.806117
-1,8.806117
-1,8.806117
-1,8.806117
-1,8.806117
-1,8.806117
-1,8.806118
-1,8.806118
-1,8.806118
-1,8.806118
-1,8.806118
-1,8.806118
-1,8.806119
-1,8.806119
-1,8.806119
-1,8.806119
-1,8.806119
1,8.806296
-1,8.811156
-1,8.811157
-1,8.811157
-1,8.811157
-1,8.811157
-1,8.811157
-1,8.811158
-1,8.811158
-1,8.811158
-1,8.811158
-1,8.811158
-1,8.811158
-1,8.811159
-1,8.811159
-1,8.811159
-1,8.811159
-1,8.811159
-1,8.811159
-1,8.811160
-1,8.811160
-1,8.811160
-1,8.811160
-1,8.811160
-1,8.811160
-1,8.811160
-1,8.811160
-1,8.811160
-1,8.811161
-1,8.811161
-1,8.811161
-1,8.811161
-1,8.811162
1,8.811517
-1,8.811594
-1,8.811594
-1,8.811594
-1,8.811594
-1,8.811595
-1,8.811595
-1,8.811595
-1,8.811595
-1,8.811595
-1,8.811595
-1,8.811595
-1,8.811595
-1,8.811595
-1,8.811596
-1,8.811596
-1,8.811596
-1,8.811596
-1,8.811596
-1,8.811596
1,8.811773
-1,8.815154
-1,8.815154
-1,8.815154
-1,8.815155
-1,8.815155
-1,8.815155
-1,8.815155
-1,8.815155
-1,8.815155
-1,8.815156
-1,8.815156
-1,8.815156
-1,8.815156
-1,8.815156
-1,8.815156
-1,8.815156
-1,8.815157
-1,8.815157
-1,8.815157
-1,8.815157
-1,8.815157
-1,8.815157
-1,8.815158
-1,8.815158
-1,8.815158
-1,8.815158
-1,8.815158
-1,8.815158
-1,8.815159
-1,8.815159
-1,8.815159
-1,8.815160
1,8.815508
-1,8.815624
-1,8.815625
-1,8.815625
-1,8.815625
-1,8.815625
-1,8.815625
-1,8.815626
-1,8.815626
-1,8.815626
-1,8.815626
-1,8.815626
-1,8.815626
-1,8.815627
-1,8.815627
-1,8.815627
-1,8.815627
-1,8.815627
-1,8.815627
-1,8.815627
1,8.815851
-1,8.819391
-1,8.819391
-1,8.819391
-1,8.819391
-1,8.819391
-1,8.819392
-1,8.819392
-1,8.819392
-1,8.819392
-1,8.819392
-1,8.819392
-1,8.819393
-1,8.819394
-1,8.819394
-1,8.819394
-1,8.819394
-1,8.819394
-1,8.819394
-1,8.819395
-1,8.819395
-1,8.819395
-1,8.819395
-1,8.819395
-1,8.819395
-1,8.819396
-1,8.819396
-1,8.819396
-1,8.819396
-1,8.819396
-1,8.819396
-1,8.819397
-1,8.819397
1,8.819745
-1,8.819868
-1,8.819869
-1,8.819869
-1,8.819869
-1,8.819869
-1,8.819869
-1,8.819869
-1,8.819870
-1,8.819870
-1,8.819870
-1,8.819870
-1,8.819870
-1,8.819870
-1,8.819870
-1,8.819870
-1,8.819870
-1,8.819871
-1,8.819871
-1,8.819871
1,8.820056
-1,8.833345
-1,8.833345
-1,8.833345
-1,8.833346
-1,8.833346
-1,8.833346
-1,8.833346
-1,8.833346
-1,8.833346
-1,8.833347
-1,8.833347
-1,8.833347
-1,8.833347
-1,8.833347
-1,8.833347
-1,8.833348
-1,8.833348
-1,8.833348
-1,8.833348
-1,8.833348
-1,8.833348
-1,8.833349
-1,8.833349
-1,8.833349
-1,8.833349
-1,8.833349
-1,8.833349
-1,8.833349
-1,8.833349
-1,8.833349
-1,8.833350
-1,8.833351
1,8.833818
-1,8.833987
-1,8.833988
-1,8.833988
-1,8.833988
-1,8.833988
-1,8.833988
-1,8.833989
-1,8.833989
-1,8.833989
-1,8.833989
-1,8.833989
-1,8.833989
-1,8.833989
-1,8.833989
-1,8.833989
-1,8.833990
-1,8.833990
-1,8.833990
-1,8.833990
-1,8.833990
-1,8.833990
-1,8.833990
-1,8.833991
-1,8.833991
-1,8.833991
-1,8.833991
-1,8.833991
-1,8.833991
-1,8.833992
-1,8.833992
-1,8.833992
-1,8.833993
1,8.834358
-1,8.834466
-1,8.834466
-1,8.834466
-1,8.834467
-1,8.834467
-1,8.834467
-1,8.834467
-1,8.834467
-1,8.834467
-1,8.834468
-1,8.834468
-1,8.834468
-1,8.834468
-1,8.834468
-1,8.834468
-1,8.834469
-1,8.834469
-1,8.834469
-1,8.834469
-1,8.834469
-1,8.834469
-1,8.834469
-1,8.834469
-1,8.834469
-1,8.834470
-1,8.834470
-1,8.834470
-1,8.834470
-1,8.834470
-1,8.834470
-1,8.834471
-1,8.834471
1,8.835019
-1,8.835138
-1,8.835138
-1,8.835139
-1,8.835139
-1,8.835139
-1,8.835139
1,8.835248
-1,8.835846
-1,8.835847
-1,8.835847
-1,8.835847
-1,8.835847
-1,8.835847
-1,8.835847
-1,8.835848
-1,8.835848
-1,8.835848
-1,8.835848
-1,8.835848
-1,8.835848
-1,8.835849
-1,8.835849
-1,8.835849
-1,8.835849
-1,8.835849
-1,8.835849
-1,8.835849
-1,8.835850
-1,8.835850
-1,8.835850
-1,8.835851
1,8.836115
-1,8.837848
-1,8.837848
-1,8.837848
-1,8.837848
-1,8.837848
-1,8.837849
-1,8.837849
-1,8.837849
-1,8.837849
-1,8.837849
-1,8.837849
-1,8.837849
-1,8.837850
-1,8.837850
-1,8.837850
-1,8.837850
-1,8.837850
-1,8.837850
-1,8.837851
-1,8.837851
-1,8.837851
-1,8.837851
-1,8.837851
-1,8.837851
1,8.838122
-1,8.842423
-1,8.842423
-1,8.842424
-1,8.842424
-1,8.842424
-1,8.842424
-1,8.842424
-1,8.842424
-1,8.842424
-1,8.842424
-1,8.842424
-1,8.842425
-1,8.842425
-1,8.842425
-1,8.842425
-1,8.842425
-1,8.842425
-1,8.842426
-1,8.842426
-1,8.842426
-1,8.842426
-1,8.842426
-1,8.842426
-1,8.842427
-1,8.842427
-1,8.842427
-1,8.842427
-1,8.842427
-1,8.842427
-1,8.842428
-1,8.842428
-1,8.842429
1,8.842785
-1,8.842875
-1,8.842876
-1,8.842876
-1,8.842876
-1,8.842876
-1,8.842876
-1,8.842877
-1,8.842877
-1,8.842877
-1,8.842877
-1,8.842877
-1,8.842877
-1,8.842878
-1,8.842878
-1,8.842878
-1,8.842878
-1,8.842878
-1,8.842878
-1,8.842878
1,8.843076
-1,8.847858
-1,8.847858
-1,8.847858
-1,8.847858
-1,8.847858
-1,8.847858
-1,8.847858
-1,8.847858
-1,8.847859
-1,8.847859
-1,8.847859
-1,8.847859
-1,8.847859
-1,8.847859
-1,8.847860
-1,8.847860
-1,8.847860
-1,8.847860
-1,8.847860
-1,8.847860
-1,8.847860
-1,8.847861
-1,8.847861
-1,8.847861
-1,8.847861
-1,8.847861
-1,8.847861
-1,8.847862
-1,8.847862
-1,8.847862
-1,8.847862
-1,8.847863
1,8.848184
-1,8.848277
-1,8.848278
-1,8.848278
-1,8.848278
-1,8.848278
-1,8.848278
-1,8.848278
-1,8.848279
-1,8.848279
-1,8.848279
-1,8.848279
-1,8.848279
-1,8.848279
-1,8.848280
-1,8.848280
-1,8.848280
-1,8.848280
-1,8.848280
-1,8.848280
1,8.848501
-1,8.860567
-1,8.860568
-1,8.860568
-1,8.860568
-1,8.860568
-1,8.860568
-1,8.860568
-1,8.860568
-1,8.860568
-1,8.860569
-1,8.860569
-1,8.860569
-1,8.860569
-1,8.860569
-1,8.860569
-1,8.860570
-1,8.860570
-1,8.860570
-1,8.860570
-1,8.860570
-1,8.860570
-1,8.860571
-1,8.860571
-1,8.860571
-1,8.860571
-1,8.860571
-1,8.860571
-1,8.860571
-1,8.860572
-1,8.860572
-1,8.860572
-1,8.860574
1,8.860959
-1,8.861099
-1,8.861099
-1,8.861100
-1,8.861100
-1,8.861100
-1,8.861100
-1,8.861100
-1,8.861100
-1,8.861101
-1,8.861101
-1,8.861101
-1,8.861101
-1,8.861101
-1,8.861101
-1,8.861102
-1,8.861102
-1,8.861102
-1,8.861102
-1,8.861102
-1,8.861102
-1,8.861103
-1,8.861103
-1,8.861103
-1,8.861103
-1,8.861103
-1,8.861103
-1,8.861104
-1,8.861104
-1,8.861104
-1,8.861104
-1,8.861104
-1,8.861105
1,8.861408
-1,8.861489
-1,8.861489
-1,8.861490
-1,8.861490
-1,8.861490
-1,8.861490
-1,8.861490
-1,8.861490
-1,8.861490
-1,8.861490
-1,8.861490
-1,8.861491
-1,8.861491
-1,8.861491
-1,8.861491
-1,8.861491
-1,8.861491
-1,8.861492
-1,8.861492
-1,8.861492
-1,8.861492
-1,8.861492
-1,8.861492
-1,8.861493
-1,8.861493
-1,8.861493
-1,8.861493
-1,8.861493
-1,8.861493
-1,8.861494
-1,8.861494
-1,8.861495
1,8.861769
-1,8.861813
-1,8.861813
-1,8.861813
-1,8.861814
-1,8.861814
-1,8.861814
1,8.861873
-1,8.865068
-1,8.865068
-1,8.865069
-1,8.865069
-1,8.865069
-1,8.865069
-1,8.865069
-1,8.865069
-1,8.865070
-1,8.865070
-1,8.865070
-1,8.865070
-1,8.865070
-1,8.865070
-1,8.865071
-1,8.865071
-1,8.865071
-1,8.865071
-1,8.865071
-1,8.865071
-1,8.865072
-1,8.865072
-1,8.865072
-1,8.865072
-1,8.865072
-1,8.865072
-1,8.865073
-1,8.865073
-1,8.865073
-1,8.865073
-1,8.865073
-1,8.865074
1,8.865463
-1,8.865572
-1,8.865573
-1,8.865573
-1,8.865573
-1,8.865573
-1,8.865573
-1,8.865573
-1,8.865573
-1,8.865573
-1,8.865574
-1,8.865574
-1,8.865574
-1,8.865574
-1,8.865574
-1,8.865574
-1,8.865575
-1,8.865575
-1,8.865575
-1,8.865575
1,8.865781
-1,8.877262
-1,8.877263
-1,8.877263
-1,8.877263
-1,8.877263
-1,8.877263
-1,8.877263
-1,8.877264
-1,8.877264
-1,8.877264
-1,8.877264
-1,8.877264
-1,8.877264
-1,8.877265
-1,8.877265
-1,8.877265
-1,8.877265
-1,8.877265
-1,8.877265
-1,8.877265
-1,8.877266
-1,8.877266
-1,8.877266
-1,8.877266
-1,8.877266
-1,8.877266
-1,8.877266
-1,8.877266
-1,8.877266
-1,8.877267
-1,8.877268
-1,8.877268
1,8.877651
-1,8.877768
-1,8.877769
-1,8.877769
-1,8.877769
-1,8.877769
-1,8.877769
-1,8.877770
-1,8.877770
-1,8.877770
-1,8.877770
-1,8.877770
-1,8.877770
-1,8.877771
-1,8.877771
-1,8.877771
-1,8.877771
-1,8.877771
-1,8.877771
-1,8.877772
-1,8.877772
-1,8.877772
-1,8.877772
-1,8.877772
-1,8.877772
-1,8.877772
-1,8.877772
-1,8.877772
-1,8.877773
-1,8.877773
-1,8.877773
-1,8.877773
-1,8.877774
1,8.878125
-1,8.878210
-1,8.878210
-1,8.878211
-1,8.878211
-1,8.878211
-1,8.878211
-1,8.878211
-1,8.878211
-1,8.878212
-1,8.878212
-1,8.878212
-1,8.878212
-1,8.878212
-1,8.878212
-1,8.878213
-1,8.878213
-1,8.878213
-1,8.878213
-1,8.878213
-1,8.878213
-1,8.878213
-1,8.878213
-1,8.878213
-1,8.878213
-1,8.878214
-1,8.878214
-1,8.878214
-1,8.878214
-1,8.878214
-1,8.878214
-1,8.878215
-1,8.878216
1,8.878509
-1,8.878557
-1,8.878557
-1,8.878558
-1,8.878558
-1,8.878558
-1,8.878558
1,8.878623
-1,8.881111
-1,8.881111
-1,8.881111
-1,8.881111
-1,8.881112
-1,8.881112
-1,8.881112
-1,8.881112
-1,8.881112
-1,8.881112
-1,8.881112
-1,8.881112
-1,8.881112
-1,8.881113
-1,8.881113
-1,8.881113
-1,8.881113
-1,8.881113
-1,8.881113
-1,8.881113
-1,8.881114
-1,8.881114
-1,8.881114
-1,8.881115
-1,8.881115
-1,8.881115
-1,8.881115
-1,8.881116
-1,8.881116
-1,8.881116
-1,8.881116
-1,8.881116
1,8.881449
-1,8.881515
-1,8.881515
-1,8.881516
-1,8.881516
-1,8.881516
-1,8.881516
-1,8.881516
1,8.881625
-1,8.885355
-1,8.885355
-1,8.885355
-1,8.885356
-1,8.885356
-1,8.885356
-1,8.885356
-1,8.885356
-1,8.885356
-1,8.885356
-1,8.885356
-1,8.885356
-1,8.885357
-1,8.885357
-1,8.885357
-1,8.885357
-1,8.885357
-1,8.885357
-1,8.885358
-1,8.885358
-1,8.885358
-1,8.885358
-1,8.885358
-1,8.885359
-1,8.885360
-1,8.885360
-1,8.885360
-1,8.885360
-1,8.885360
-1,8.885360
-1,8.885360
-1,8.885361
1,8.885741
-1,8.885853
-1,8.885853
-1,8.885853
-1,8.885854
-1,8.885854
-1,8.885854
-1,8.885854
1,8.885944
-1,8.889232
-1,8.889233
-1,8.889233
-1,8.889233
-1,8.889233
-1,8.889233
-1,8.889233
-1,8.889234
-1,8.889234
-1,8.889234
-1,8.889234
-1,8.889234
-1,8.889234
-1,8.889234
-1,8.889234
-1,8.889234
-1,8.889235
-1,8.889235
-1,8.889235
-1,8.889235
-1,8.889235
-1,8.889235
-1,8.889236
-1,8.889237
-1,8.889237
-1,8.889237
-1,8.889237
-1,8.889238
-1,8.889238
-1,8.889238
-1,8.889238
-1,8.889238
1,8.889581
-1,8.889645
-1,8.889645
-1,8.889645
-1,8.889645
-1,8.889645
-1,8.889646
-1,8.889646
1,8.889719
-1,8.892889
-1,8.892889
-1,8.892889
-1,8.892889
-1,8.892889
-1,8.892890
-1,8.892890
-1,8.892890
-1,8.892890
-1,8.892890
-1,8.892890
-1,8.892891
-1,8.892891
-1,8.892891
-1,8.892891
-1,8.892891
-1,8.892891
-1,8.892891
-1,8.892892
-1,8.892892
-1,8.892892
-1,8.892892
-1,8.892892
-1,8.892892
-1,8.892893
-1,8.892893
-1,8.892893
-1,8.892893
-1,8.892893
-1,8.892893
-1,8.892894
-1,8.892895
1,8.893249
-1,8.893345
-1,8.893345
-1,8.893345
-1,8.893345
-1,8.893345
-1,8.893346
-1,8.893346
1,8.893423
-1,8.896784
-1,8.896784
-1,8.896784
-1,8.896784
-1,8.896785
-1,8.896785
-1,8.896785
-1,8.896785
-1,8.896785
-1,8.896785
-1,8.896786
-1,8.896786
-1,8.896786
-1,8.896786
-1,8.896786
-1,8.896786
-1,8.896786
-1,8.896786
-1,8.896786
-1,8.896787
-1,8.896787
-1,8.896787
-1,8.896787
-1,8.896788
-1,8.896788
-1,8.896788
-1,8.896788
-1,8.896789
-1,8.896789
-1,8.896789
-1,8.896789
-1,8.896789
1,8.897101
-1,8.897157
-1,8.897157
-1,8.897157
-1,8.897157
-1,8.897157
-1,8.897157
-1,8.897158
1,8.897234
-1,8.901730
-1,8.901730
-1,8.901731
-1,8.901731
-1,8.901731
-1,8.901731
-1,8.901731
-1,8.901731
-1,8.901732
-1,8.901732
-1,8.901732
-1,8.901732
-1,8.901732
-1,8.901732
-1,8.901732
-1,8.901733
-1,8.901733
-1,8.901733
-1,8.901733
-1,8.901733
-1,8.901733
-1,8.901733
-1,8.901733
-1,8.901733
-1,8.901734
-1,8.901734
-1,8.901734
-1,8.901734
-1,8.901734
-1,8.901734
-1,8.901735
-1,8.901736
1,8.902093
-1,8.902210
-1,8.902210
-1,8.902211
-1,8.902211
-1,8.902211
-1,8.902211
-1,8.902211
1,8.902321
-1,8.905625
-1,8.905625
-1,8.905625
-1,8.905625
-1,8.905625
-1,8.905625
-1,8.905625
-1,8.905626
-1,8.905626
-1,8.905626
-1,8.905626
-1,8.905626
-1,8.905626
-1,8.905627
-1,8.905627
-1,8.905627
-1,8.905627
-1,8.905627
-1,8.905627
-1,8.905628
-1,8.905628
-1,8.905628
-1,8.905628
-1,8.905628
-1,8.905628
-1,8.905629
-1,8.905629
-1,8.905629
-1,8.905629
-1,8.905629
-1,8.905629
-1,8.905630
1,8.906016
-1,8.906086
-1,8.906086
-1,8.906087
-1,8.906087
-1,8.906087
-1,8.906087
-1,8.906087
1,8.906161
-1,8.910892
-1,8.910893
-1,8.910893
-1,8.910893
-1,8.910893
-1,8.910893
-1,8.910894
-1,8.910894
-1,8.910894
-1,8.910894
-1,8.910894
-1,8.910894
-1,8.910895
-1,8.910895
-1,8.910895
-1,8.910895
-1,8.910895
-1,8.910895
-1,8.910896
-1,8.910896
-1,8.910896
-1,8.910896
-1,8.910896
-1,8.910896
-1,8.910896
-1,8.910897
-1,8.910897
-1,8.910897
-1,8.910897
-1,8.910897
-1,8.910897
-1,8.910898
1,8.911252
-1,8.911323
-1,8.911323
-1,8.911323
-1,8.911324
-1,8.911324
-1,8.911324
-1,8.911324
1,8.911435
-1,8.915026
-1,8.915026
-1,8.915026
-1,8.915027
-1,8.915027
-1,8.915027
-1,8.915027
-1,8.915027
-1,8.915027
-1,8.915028
-1,8.915028
-1,8.915028
-1,8.915028
-1,8.915028
-1,8.915028
-1,8.915028
-1,8.915029
-1,8.915029
-1,8.915029
-1,8.915029
-1,8.915029
-1,8.915029
-1,8.915030
-1,8.915030
-1,8.915030
-1,8.915030
-1,8.915030
-1,8.915030
-1,8.915031
-1,8.915031
-1,8.915031
-1,8.915032
1,8.915367
-1,8.915437
-1,8.915437
-1,8.915437
-1,8.915437
-1,8.915437
-1,8.915438
-1,8.915438
1,8.915516
-1,8.915550
-1,8.915550
-1,8.915550
-1,8.915550
-1,8.915550
1,8.915613
-1,9.835512
1,9.835542
1,10.054395
-1,10.120909
1,10.161595
1,10.991811
1,10.991970
-1,11.021844
-1,11.021844
-1,11.026513
-1,11.026514
-1,11.026514
-1,11.026514
-1,11.026514
-1,11.026515
-1,11.026515
-1,11.026515
-1,11.026515
-1,11.026515
-1,11.026515
-1,11.026515
-1,11.026515
-1,11.026515
-1,11.026515
-1,11.026516
-1,11.026516
-1,11.026516
-1,11.026516
-1,11.026516
-1,11.026516
-1,11.026517
-1,11.026517
-1,11.026517
-1,11.026517
-1,11.026517
-1,11.026517
-1,11.026518
-1,11.026518
-1,11.026518
-1,11.026518
-1,11.026519
1,11.026889
-1,11.027007
-1,11.027007
-1,11.027007
-1,11.027007
-1,11.027008
-1,11.027008
-1,11.027008
-1,11.027008
-1,11.027008
-1,11.027008
-1,11.027008
-1,11.027008
-1,11.027008
-1,11.027009
-1,11.027009
1,11.027254
-1,11.029576
-1,11.029576
-1,11.029576
-1,11.029576
-1,11.029577
-1,11.029577
-1,11.029577
-1,11.029577
-1,11.029577
-1,11.029577
-1,11.029578
-1,11.029578
-1,11.029578
-1,11.029578
-1,11.029578
-1,11.029578
-1,11.029579
-1,11.029579
-1,11.029579
-1,11.029579
-1,11.029579
-1,11.029579
-1,11.029580
-1,11.029580
-1,11.029580
-1,11.029580
-1,11.029580
-1,11.029580
-1,11.029580
-1,11.029580
-1,11.029580
-1,11.029582
1,11.029933
-1,11.030003
-1,11.030003
-1,11.030004
-1,11.030004
-1,11.030004
1,11.030079
-1,11.034533
-1,11.034534
-1,11.034534
-1,11.034534
-1,11.034534
-1,11.034534
-1,11.034534
-1,11.034534
-1,11.034534
-1,11.034535
-1,11.034535
-1,11.034535
-1,11.034535
-1,11.034535
-1,11.034535
-1,11.034536
-1,11.034536
-1,11.034536
-1,11.034536
-1,11.034536
-1,11.034536
-1,11.034537
-1,11.034537
-1,11.034537
-1,11.034537
-1,11.034537
-1,11.034537
-1,11.034537
-1,11.034538
-1,11.034538
-1,11.034538
-1,11.034539
1,11.034907
-1,11.035005
-1,11.035005
-1,11.035006
-1,11.035006
-1,11.035006
-1,11.035006
-1,11.035006
-1,11.035006
-1,11.035007
-1,11.035007
-1,11.035008
-1,11.035008
-1,11.035008
-1,11.035008
-1,11.035008
-1,11.035008
-1,11.035009
-1,11.035009
-1,11.035009
1,11.035240
-1,11.038721
-1,11.038721
-1,11.038721
-1,11.038721
-1,11.038721
-1,11.038722
-1,11.038722
-1,11.038722
-1,11.038722
-1,11.038722
-1,11.038722
-1,11.038723
-1,11.038723
-1,11.038723
-1,11.038723
-1,11.038723
-1,11.038723
-1,11.038723
-1,11.038724
-1,11.038724
-1,11.038724
-1,11.038724
-1,11.038724
-1,11.038724
-1,11.038725
-1,11.038725
-1,11.038725
-1,11.038725
-1,11.038725
-1,11.038725
-1,11.038726
-1,11.038726
1,11.039071
-1,11.039142
-1,11.039142
-1,11.039142
-1,11.039143
-1,11.039143
-1,11.039143
-1,11.039143
-1,11.039143
-1,11.039143
-1,11.039144
1,11.039296
-1,11.042153
-1,11.042154
-1,11.042154
-1,11.042154
-1,11.042154
-1,11.042154
-1,11.042155
-1,11.042155
-1,11.042155
-1,11.042155
-1,11.042155
-1,11.042155
-1,11.042156
-1,11.042156
-1,11.042156
-1,11.042156
-1,11.042156
-1,11.042156
-1,11.042157
-1,11.042157
-1,11.042157
-1,11.042157
-1,11.042157
-1,11.042157
-1,11.042157
-1,11.042157
1,11.042429
-1,13.291103
1,13.291179
1,13.291242
-1,13.327683
1,14.492054
-1,14.527692
-1,14.527692
-1,14.527692
-1,14.527693
-1,14.527693
-1,14.527693
-1,14.527693
-1,14.527693
-1,14.527693
-1,14.527693
-1,14.527694
-1,14.527694
-1,14.527694
-1,14.527694
-1,14.527694
-1,14.527694
-1,14.527695
-1,14.527695
-1,14.527695
-1,14.527695
-1,14.527695
-1,14.527695
-1,14.527696
-1,14.527696
-1,14.527696
-1,14.527696
-1,14.527696
-1,14.527696
-1,14.527696
-1,14.527696
-1,14.527696
-1,14.527697
1,14.528080
-1,14.528187
-1,14.528187
-1,14.528187
-1,14.528187
-1,14.528188
-1,14.528188
-1,14.528188
1,14.528296
-1,14.528446
-1,14.528446
-1,14.528447
1,14.528509
-1,14.532079
-1,14.532080
-1,14.532080
-1,14.532080
-1,14.532080
-1,14.532080
-1,14.532080
-1,14.532080
-1,14.532080
-1,14.532080
-1,14.532081
-1,14.532081
-1,14.532081
-1,14.532081
-1,14.532081
-1,14.532081
-1,14.532082
-1,14.532082
-1,14.532082
-1,14.532082
-1,14.532082
-1,14.532082
-1,14.532083
-1,14.532083
-1,14.532083
-1,14.532083
-1,14.532083
-1,14.532086
-1,14.532086
-1,14.532086
-1,14.532086
-1,14.532086
1,14.532507
-1,14.532802
-1,14.532803
-1,14.532803
-1,14.532803
-1,14.532803
-1,14.532803
-1,14.532803
1,14.533068
-1,14.536423
-1,14.536423
-1,14.536424
-1,14.536424
-1,14.536424
-1,14.536424
-1,14.536424
-1,14.536424
-1,14.536424
-1,14.536425
-1,14.536425
-1,14.536425
-1,14.536425
-1,14.536425
-1,14.536425
-1,14.536425
-1,14.536425
-1,14.536425
-1,14.536426
-1,14.536426
-1,14.536426
-1,14.536426
-1,14.536426
-1,14.536426
-1,14.536427
-1,14.536427
-1,14.536427
-1,14.536427
-1,14.536427
-1,14.536427
-1,14.536428
-1,14.536429
1,14.536821
-1,14.536905
-1,14.536906
-1,14.536906
-1,14.536906
-1,14.536906
-1,14.536906
-1,14.536907
-1,14.536907
-1,14.536907
-1,14.536907
-1,14.536907
-1,14.536907
-1,14.536908
-1,14.536908
-1,14.536908
-1,14.536908
-1,14.536908
-1,14.536908
-1,14.536908
1,14.537103
-1,14.540712
-1,14.540713
-1,14.540713
-1,14.540713
-1,14.540713
-1,14.540713
-1,14.540713
-1,14.540713
-1,14.540713
-1,14.540713
-1,14.540714
-1,14.540714
-1,14.540714
-1,14.540714
-1,14.540714
-1,14.540714
-1,14.540715
-1,14.540715
-1,14.540715
-1,14.540715
-1,14.540715
-1,14.540715
-1,14.540716
-1,14.540716
-1,14.540716
-1,14.540716
-1,14.540716
-1,14.540716
-1,14.540716
-1,14.540717
-1,14.540717
-1,14.540718
1,14.541092
-1,14.541175
-1,14.541175
-1,14.541175
-1,14.541175
-1,14.541175
-1,14.541176
-1,14.541176
-1,14.541176
-1,14.541176
-1,14.541176
-1,14.541176
-1,14.541177
-1,14.541177
-1,14.541177
-1,14.541177
-1,14.541177
-1,14.541177
-1,14.541178
-1,14.541178
1,14.541371
-1,14.545626
-1,14.545626
-1,14.545626
-1,14.545626
-1,14.545627
-1,14.545627
-1,14.545627
-1,14.545627
-1,14.545627
-1,14.545627
-1,14.545628
-1,14.545628
-1,14.545628
-1,14.545628
-1,14.545628
-1,14.545628
-1,14.545629
-1,14.545629
-1,14.545629
-1,14.545629
-1,14.545629
-1,14.545629
-1,14.545629
-1,14.545629
-1,14.545629
-1,14.545630
-1,14.545630
-1,14.545630
-1,14.545630
-1,14.545630
-1,14.545630
-1,14.545631
1,14.546032
-1,14.546103
-1,14.546103
-1,14.546103
-1,14.546103
-1,14.546104
-1,14.546104
-1,14.546104
1,14.546187
-1,14.550250
-1,14.550251
-1,14.550251
-1,14.550251
-1,14.550251
-1,14.550251
-1,14.550251
-1,14.550252
-1,14.550252
-1,14.550252
-1,14.550252
-1,14.550252
-1,14.550252
-1,14.550253
-1,14.550253
-1,14.550253
-1,14.550253
-1,14.550253
-1,14.550253
-1,14.550254
-1,14.550254
-1,14.550254
-1,14.550254
-1,14.550255
-1,14.550255
-1,14.550256
-1,14.550256
-1,14.550256
-1,14.550256
-1,14.550256
-1,14.550256
-1,14.550256
1,14.550616
-1,14.550702
-1,14.550702
-1,14.550702
-1,14.550703
-1,14.550703
-1,14.550703
-1,14.550703
-1,14.550703
-1,14.550703
-1,14.550704
-1,14.550704
-1,14.550704
-1,14.550704
-1,14.550704
-1,14.550704
-1,14.550704
-1,14.550704
-1,14.550704
-1,14.550705
1,14.550898
-1,14.554498
-1,14.554499
-1,14.554499
-1,14.554499
-1,14.554499
-1,14.554499
-1,14.554499
-1,14.554499
-1,14.554499
-1,14.554499
-1,14.554500
-1,14.554500
-1,14.554500
-1,14.554500
-1,14.554500
-1,14.554500
-1,14.554501
-1,14.554501
-1,14.554501
-1,14.554501
-1,14.554501
-1,14.554501
-1,14.554502
-1,14.554502
-1,14.554502
-1,14.554502
-1,14.554502
-1,14.554502
-1,14.554503
-1,14.554503
-1,14.554503
-1,14.554504
1,14.554860
-1,14.554941
-1,14.554941
-1,14.554941
-1,14.554941
-1,14.554941
-1,14.554941
-1,14.554942
-1,14.554942
-1,14.554942
-1,14.554942
-1,14.554942
-1,14.554942
-1,14.554943
-1,14.554943
-1,14.554943
-1,14.554943
-1,14.554943
-1,14.554943
-1,14.554944
1,14.555126
-1,14.558762
-1,14.558762
-1,14.558762
-1,14.558763
-1,14.558763
-1,14.558763
-1,14.558763
-1,14.558763
-1,14.558763
-1,14.558763
-1,14.558764
-1,14.558765
-1,14.558765
-1,14.558765
-1,14.558765
-1,14.558766
-1,14.558766
-1,14.558766
-1,14.558766
-1,14.558766
-1,14.558767
-1,14.558767
-1,14.558767
-1,14.558767
-1,14.558767
-1,14.558768
-1,14.558768
-1,14.558768
-1,14.558768
-1,14.558768
-1,14.558768
-1,14.558768
1,14.559274
-1,14.559395
-1,14.559395
-1,14.559396
-1,14.559396
-1,14.559396
-1,14.559396
-1,14.559396
-1,14.559397
-1,14.559397
-1,14.559397
-1,14.559397
-1,14.559397
-1,14.559397
-1,14.559398
-1,14.559398
-1,14.559398
-1,14.559398
-1,14.559398
-1,14.559398
1,14.559618
-1,14.563418
-1,14.563418
-1,14.563419
-1,14.563419
-1,14.563419
-1,14.563419
-1,14.563419
-1,14.563419
-1,14.563419
-1,14.563420
-1,14.563420
-1,14.563420
-1,14.563420
-1,14.563420
-1,14.563421
-1,14.563421
-1,14.563421
-1,14.563421
-1,14.563421
-1,14.563421
-1,14.563421
-1,14.563421
-1,14.563421
-1,14.563422
-1,14.563422
-1,14.563422
-1,14.563422
-1,14.563422
-1,14.563422
-1,14.563423
-1,14.563423
-1,14.563424
1,14.563919
-1,14.564022
-1,14.564023
-1,14.564023
-1,14.564023
-1,14.564023
-1,14.564023
-1,14.564023
-1,14.564024
-1,14.564024
-1,14.564024
-1,14.564024
-1,14.564024
-1,14.564024
-1,14.564025
-1,14.564025
-1,14.564025
-1,14.564025
-1,14.564025
-1,14.564025
1,14.564220
-1,14.567629
-1,14.567629
-1,14.567630
-1,14.567630
-1,14.567630
-1,14.567630
-1,14.567630
-1,14.567630
-1,14.567631
-1,14.567631
-1,14.567631
-1,14.567632
-1,14.567632
-1,14.567632
-1,14.567632
-1,14.567632
-1,14.567632
-1,14.567632
-1,14.567633
-1,14.567633
-1,14.567633
-1,14.567633
-1,14.567633
-1,14.567633
-1,14.567634
-1,14.567634
-1,14.567634
-1,14.567634
-1,14.567634
-1,14.567634
-1,14.567635
-1,14.567635
1,14.567995
-1,14.568088
-1,14.568089
-1,14.568089
-1,14.568089
-1,14.568089
-1,14.568089
-1,14.568089
-1,14.568090
-1,14.568090
-1,14.568090
-1,14.568090
-1,14.568091
-1,14.568091
-1,14.568091
-1,14.568091
-1,14.568091
-1,14.568091
-1,14.568092
-1,14.568092
1,14.568329
-1,14.571511
-1,14.571511
-1,14.571511
-1,14.571512
-1,14.571512
-1,14.571512
-1,14.571512
-1,14.571512
-1,14.571512
-1,14.571513
-1,14.571513
-1,14.571513
-1,14.571513
-1,14.571513
-1,14.571513
-1,14.571514
-1,14.571514
-1,14.571514
-1,14.571514
-1,14.571514
-1,14.571514
-1,14.571515
-1,14.571515
-1,14.571515
-1,14.571515
-1,14.571515
-1,14.571515
-1,14.571516
-1,14.571516
-1,14.571516
-1,14.571516
-1,14.571517
1,14.571933
-1,14.572015
-1,14.572015
-1,14.572015
-1,14.572016
-1,14.572016
-1,14.572016
-1,14.572016
-1,14.572016
-1,14.572016
-1,14.572016
-1,14.572016
-1,14.572016
-1,14.572017
-1,14.572017
-1,14.572017
-1,14.572017
-1,14.572017
-1,14.572017
-1,14.572017
1,14.572206
-1,14.575721
-1,14.575722
-1,14.575722
-1,14.575722
-1,14.575722
-1,14.575722
-1,14.575722
-1,14.575722
-1,14.575722
-1,14.575722
-1,14.575723
-1,14.575723
-1,14.575724
-1,14.575724
-1,14.575724
-1,14.575724
-1,14.575724
-1,14.575724
-1,14.575725
-1,14.575725
-1,14.575725
-1,14.575725
-1,14.575725
-1,14.575725
-1,14.575726
-1,14.575726
-1,14.575726
-1,14.575726
-1,14.575726
-1,14.575726
-1,14.575727
-1,14.575727
1,14.576096
-1,14.576175
-1,14.576175
-1,14.576175
-1,14.576175
-1,14.576175
-1,14.576176
-1,14.576176
-1,14.576176
-1,14.576176
-1,14.576176
-1,14.576176
-1,14.576176
-1,14.576176
-1,14.576176
-1,14.576177
-1,14.576177
-1,14.576177
-1,14.576177
-1,14.576177
1,14.576371
-1,14.580044
-1,14.580044
-1,14.580044
-1,14.580045
-1,14.580045
-1,14.580045
-1,14.580045
-1,14.580045
-1,14.580045
-1,14.580046
-1,14.580046
-1,14.580047
-1,14.580047
-1,14.580047
-1,14.580047
-1,14.580048
-1,14.580048
-1,14.580048
-1,14.580048
-1,14.580048
-1,14.580048
-1,14.580048
-1,14.580048
-1,14.580048
-1,14.580049
-1,14.580049
-1,14.580049
-1,14.580049
-1,14.580049
-1,14.580049
-1,14.580049
-1,14.580050
1,14.580545
-1,14.580665
-1,14.580665
-1,14.580665
-1,14.580665
-1,14.580665
-1,14.580666
-1,14.580666
-1,14.580666
-1,14.580666
-1,14.580666
-1,14.580666
-1,14.580667
-1,14.580667
-1,14.580667
-1,14.580667
-1,14.580667
-1,14.580667
-1,14.580668
-1,14.580668
1,14.580862
-1,14.585533
-1,14.585534
-1,14.585534
-1,14.585534
-1,14.585534
-1,14.585534
-1,14.585534
-1,14.585535
-1,14.585535
-1,14.585535
-1,14.585535
-1,14.585536
-1,14.585536
-1,14.585536
-1,14.585537
-1,14.585537
-1,14.585537
-1,14.585537
-1,14.585537
-1,14.585537
-1,14.585538
-1,14.585538
-1,14.585538
-1,14.585538
-1,14.585538
-1,14.585538
-1,14.585539
-1,14.585539
-1,14.585539
-1,14.585539
-1,14.585539
-1,14.585539
1,14.585892
-1,14.585985
-1,14.585986
-1,14.585986
-1,14.585986
-1,14.585986
-1,14.585986
-1,14.585987
-1,14.585987
-1,14.585987
-1,14.585987
-1,14.585987
-1,14.585987
-1,14.585987
-1,14.585988
-1,14.585988
-1,14.585988
-1,14.585988
-1,14.585988
-1,14.585989
1,14.586186
-1,14.589513
-1,14.589513
-1,14.589513
-1,14.589513
-1,14.589514
-1,14.589514
-1,14.589514
-1,14.589514
-1,14.589514
-1,14.589514
-1,14.589514
-1,14.589514
-1,14.589514
-1,14.589515
-1,14.589515
-1,14.589515
-1,14.589515
-1,14.589515
-1,14.589515
-1,14.589516
-1,14.589516
-1,14.589516
-1,14.589516
-1,14.589516
-1,14.589516
-1,14.589517
-1,14.589517
-1,14.589517
-1,14.589517
-1,14.589517
-1,14.589517
-1,14.589518
1,14.589875
-1,14.589957
-1,14.589957
-1,14.589957
-1,14.589957
-1,14.589957
-1,14.589958
-1,14.589958
-1,14.589958
-1,14.589958
-1,14.589958
-1,14.589958
-1,14.589958
-1,14.589959
-1,14.589959
-1,14.589959
-1,14.589959
-1,14.589959
-1,14.589959
-1,14.589960
1,14.590147
-1,14.594494
-1,14.594495
-1,14.594495
-1,14.594495
-1,14.594495
-1,14.594495
-1,14.594495
-1,14.594496
-1,14.594496
-1,14.594496
-1,14.594496
-1,14.594497
-1,14.594497
-1,14.594497
-1,14.594498
-1,14.594498
-1,14.594498
-1,14.594498
-1,14.594498
-1,14.594498
-1,14.594499
-1,14.594499
-1,14.594499
-1,14.594499
-1,14.594499
-1,14.594499
-1,14.594499
-1,14.594499
-1,14.594499
-1,14.594500
-1,14.594500
-1,14.594500
1,14.594825
-1,14.594901
-1,14.594902
-1,14.594902
-1,14.594902
-1,14.594902
-1,14.594903
-1,14.594903
-1,14.594903
-1,14.594903
-1,14.594903
-1,14.594903
-1,14.594903
-1,14.594903
-1,14.594903
-1,14.594904
-1,14.594904
-1,14.594904
-1,14.594904
-1,14.594904
1,14.595098
-1,14.598957
-1,14.598957
-1,14.598958
-1,14.598958
-1,14.598959
-1,14.598960
-1,14.598960
-1,14.598960
-1,14.598960
-1,14.598960
-1,14.598960
-1,14.598961
-1,14.598961
-1,14.598961
-1,14.598961
-1,14.598961
-1,14.598962
-1,14.598962
-1,14.598962
-1,14.598962
-1,14.598962
-1,14.598962
-1,14.598963
-1,14.598963
-1,14.598963
-1,14.598963
-1,14.598963
-1,14.598963
-1,14.598964
-1,14.598964
-1,14.598965
-1,14.598965
1,14.599423
-1,14.599538
-1,14.599538
-1,14.599539
-1,14.599539
-1,14.599539
-1,14.599539
-1,14.599539
-1,14.599539
-1,14.599540
-1,14.599540
-1,14.599540
-1,14.599540
-1,14.599540
-1,14.599540
-1,14.599541
-1,14.599541
-1,14.599541
-1,14.599541
-1,14.599541
1,14.599762
-1,14.603616
-1,14.603617
-1,14.603617
-1,14.603617
-1,14.603617
-1,14.603617
-1,14.603617
-1,14.603618
-1,14.603618
-1,14.603618
-1,14.603618
-1,14.603618
-1,14.603618
-1,14.603619
-1,14.603619
-1,14.603619
-1,14.603619
-1,14.603619
-1,14.603619
-1,14.603619
-1,14.603619
-1,14.603619
-1,14.603620
-1,14.603620
-1,14.603620
-1,14.603620
-1,14.603620
-1,14.603620
-1,14.603620
-1,14.603621
-1,14.603622
-1,14.603622
1,14.603957
-1,14.604036
-1,14.604037
-1,14.604037
-1,14.604037
-1,14.604037
-1,14.604038
-1,14.604038
-1,14.604038
-1,14.604038
-1,14.604038
-1,14.604038
-1,14.604038
-1,14.604039
-1,14.604039
-1,14.604039
-1,14.604039
-1,14.604039
-1,14.604039
-1,14.604040
1,14.604277
1,14.843760
-1,14.862163
-1,14.883407
-1,14.883407
-1,14.883408
1,14.883437
1,14.883605
-1,14.941802
1,17.553446
1,17.553514
1,17.553548
-1,17.571865
-1,17.571865
-1,17.571865
-1,17.571866
-1,17.571866
-1,17.604695
-1,17.604695
1,17.604724
-1,17.610796
-1,17.610797
1,17.610822
1,17.611101
-1,17.669792
1,18.512297
1,18.512362
-1,18.530719
-1,18.530720
-1,18.549757
-1,18.549758
-1,18.549758
1,18.549787
1,18.550279
-1,18.608853
1,19.685495
-1,19.704290
1,20.242270
-1,20.277418
-1,20.277419
-1,20.277419
-1,20.277419
-1,20.277419
-1,20.277419
-1,20.277420
-1,20.277420
-1,20.277420
-1,20.277420
-1,20.277420
-1,20.277420
-1,20.277421
-1,20.277421
-1,20.277421
-1,20.277421
-1,20.277421
-1,20.277421
-1,20.277421
-1,20.277422
-1,20.277422
-1,20.277422
-1,20.277422
-1,20.277422
-1,20.277422
-1,20.277422
-1,20.277422
-1,20.277422
-1,20.277423
-1,20.277423
-1,20.277423
-1,20.277424
1,20.277795
-1,20.277898
-1,20.277899
-1,20.277899
-1,20.277899
-1,20.277899
-1,20.277900
-1,20.277900
-1,20.277900
-1,20.277900
-1,20.277900
1,20.278070
-1,20.282611
-1,20.282611
-1,20.282612
-1,20.282612
-1,20.282612
-1,20.282612
-1,20.282612
-1,20.282612
-1,20.282613
-1,20.282613
-1,20.282613
-1,20.282613
-1,20.282613
-1,20.282613
-1,20.282613
-1,20.282613
-1,20.282613
-1,20.282614
-1,20.282614
-1,20.282614
-1,20.282615
-1,20.282615
-1,20.282616
-1,20.282616
-1,20.282616
-1,20.282616
-1,20.282616
-1,20.282616
-1,20.282617
-1,20.282617
-1,20.282617
-1,20.282617
1,20.283010
-1,20.283112
-1,20.283113
-1,20.283113
-1,20.283113
-1,20.283113
-1,20.283113
-1,20.283114
-1,20.283114
-1,20.283114
-1,20.283114
-1,20.283114
-1,20.283114
-1,20.283115
-1,20.283115
-1,20.283115
-1,20.283115
-1,20.283115
-1,20.283115
-1,20.283116
1,20.283377
-1,20.283789
-1,20.283790
-1,20.283790
-1,20.283790
-1,20.283790
-1,20.283790
-1,20.283790
-1,20.283790
-1,20.283790
-1,20.283791
-1,20.283791
-1,20.283791
-1,20.283791
-1,20.283791
-1,20.283791
-1,20.283792
1,20.283960
1,23.596208
-1,23.615132
1,23.897401
1,23.926325
-1,23.928420
1,23.942260
-1,23.946514
-1,23.961343
1,24.844775
-1,24.863976
-1,24.883632
-1,24.883632
-1,24.883632
1,24.883660
1,24.883828
-1,24.943031
1,32.182111
-1,32.213853
-1,32.899334
1,32.899362
1,33.849883
-1,33.880950
1,38.641738
-1,38.901051
1,38.940866
1,39.733722
-1,39.769843
1,40.559192
-1,40.590286
1,40.611058
1,40.617045
-1,40.642032
-1,40.647985
1,46.844528
1,46.844588
-1,46.863669
-1,46.863669
-1,46.863669
-1,46.883796
-1,46.883796
-1,46.883796
1,46.883827
1,46.883987
-1,46.942827
1,47.844379
-1,47.862935
-1,47.883854
-1,47.883855
-1,47.883855
1,47.883882
1,47.884304
-1,47.944040
1,48.507501
1,48.507570
-1,48.525823
-1,48.525823
-1,48.547552
-1,48.547553
-1,48.547553
1,48.547582
1,48.548075
-1,48.607239
-1,50.401649
1,50.401682
1,55.728158
1,55.728332
1,55.728418
-1,55.746867
-1,55.746868
-1,55.746868
-1,55.790655
-1,55.790655
-1,55.790655
-1,55.790655
